"TIME","GEO","PRODUCT","CONSOM","UNIT","TAX","CURRENCY","Value","Flag and Footnotes"
"2015S1","European Union - 27 countries (from 2020)","Electrical energy","Band IB : 20 MWh < Consumption < 500 MWh","Kilowatt-hour","All taxes and levies included","Euro","0.1786",""
"2015S1","Belgium","Electrical energy","Band IB : 20 MWh < Consumption < 500 MWh","Kilowatt-hour","All taxes and levies included","Euro","0.1706",""
"2015S1","Bulgaria","Electrical energy","Band IB : 20 MWh < Consumption < 500 MWh","Kilowatt-hour","All taxes and levies included","Euro","0.1075",""
"2015S1","Czechia","Electrical energy","Band IB : 20 MWh < Consumption < 500 MWh","Kilowatt-hour","All taxes and levies included","Euro","0.1459",""
"2015S1","Denmark","Electrical energy","Band IB : 20 MWh < Consumption < 500 MWh","Kilowatt-hour","All taxes and levies included","Euro","0.2674",""
"2015S1","Germany (until 1990 former territory of the FRG)","Electrical energy","Band IB : 20 MWh < Consumption < 500 MWh","Kilowatt-hour","All taxes and levies included","Euro","0.2276",""
"2015S1","Estonia","Electrical energy","Band IB : 20 MWh < Consumption < 500 MWh","Kilowatt-hour","All taxes and levies included","Euro","0.1141",""
"2015S1","Ireland","Electrical energy","Band IB : 20 MWh < Consumption < 500 MWh","Kilowatt-hour","All taxes and levies included","Euro","0.1860",""
"2015S1","Greece","Electrical energy","Band IB : 20 MWh < Consumption < 500 MWh","Kilowatt-hour","All taxes and levies included","Euro","0.1933",""
"2015S1","Spain","Electrical energy","Band IB : 20 MWh < Consumption < 500 MWh","Kilowatt-hour","All taxes and levies included","Euro","0.1912",""
"2015S1","France","Electrical energy","Band IB : 20 MWh < Consumption < 500 MWh","Kilowatt-hour","All taxes and levies included","Euro","0.1477",""
"2015S1","Croatia","Electrical energy","Band IB : 20 MWh < Consumption < 500 MWh","Kilowatt-hour","All taxes and levies included","Euro","0.1346",""
"2015S1","Italy","Electrical energy","Band IB : 20 MWh < Consumption < 500 MWh","Kilowatt-hour","All taxes and levies included","Euro","0.2263",""
"2015S1","Cyprus","Electrical energy","Band IB : 20 MWh < Consumption < 500 MWh","Kilowatt-hour","All taxes and levies included","Euro","0.1975",""
"2015S1","Latvia","Electrical energy","Band IB : 20 MWh < Consumption < 500 MWh","Kilowatt-hour","All taxes and levies included","Euro","0.1595",""
"2015S1","Lithuania","Electrical energy","Band IB : 20 MWh < Consumption < 500 MWh","Kilowatt-hour","All taxes and levies included","Euro","0.1324",""
"2015S1","Luxembourg","Electrical energy","Band IB : 20 MWh < Consumption < 500 MWh","Kilowatt-hour","All taxes and levies included","Euro","0.1110",""
"2015S1","Hungary","Electrical energy","Band IB : 20 MWh < Consumption < 500 MWh","Kilowatt-hour","All taxes and levies included","Euro","0.1213",""
"2015S1","Malta","Electrical energy","Band IB : 20 MWh < Consumption < 500 MWh","Kilowatt-hour","All taxes and levies included","Euro","0.1873",""
"2015S1","Netherlands","Electrical energy","Band IB : 20 MWh < Consumption < 500 MWh","Kilowatt-hour","All taxes and levies included","Euro","0.1730",""
"2015S1","Austria","Electrical energy","Band IB : 20 MWh < Consumption < 500 MWh","Kilowatt-hour","All taxes and levies included","Euro","0.1495",""
"2015S1","Poland","Electrical energy","Band IB : 20 MWh < Consumption < 500 MWh","Kilowatt-hour","All taxes and levies included","Euro","0.1427",""
"2015S1","Portugal","Electrical energy","Band IB : 20 MWh < Consumption < 500 MWh","Kilowatt-hour","All taxes and levies included","Euro","0.1805",""
"2015S1","Romania","Electrical energy","Band IB : 20 MWh < Consumption < 500 MWh","Kilowatt-hour","All taxes and levies included","Euro","0.1226",""
"2015S1","Slovenia","Electrical energy","Band IB : 20 MWh < Consumption < 500 MWh","Kilowatt-hour","All taxes and levies included","Euro","0.1262",""
"2015S1","Slovakia","Electrical energy","Band IB : 20 MWh < Consumption < 500 MWh","Kilowatt-hour","All taxes and levies included","Euro","0.1655",""
"2015S1","Finland","Electrical energy","Band IB : 20 MWh < Consumption < 500 MWh","Kilowatt-hour","All taxes and levies included","Euro","0.1043",""
"2015S1","Sweden","Electrical energy","Band IB : 20 MWh < Consumption < 500 MWh","Kilowatt-hour","All taxes and levies included","Euro","0.0903",""
"2015S2","European Union - 27 countries (from 2020)","Electrical energy","Band IB : 20 MWh < Consumption < 500 MWh","Kilowatt-hour","All taxes and levies included","Euro","0.1736",""
"2015S2","Belgium","Electrical energy","Band IB : 20 MWh < Consumption < 500 MWh","Kilowatt-hour","All taxes and levies included","Euro","0.1759",""
"2015S2","Bulgaria","Electrical energy","Band IB : 20 MWh < Consumption < 500 MWh","Kilowatt-hour","All taxes and levies included","Euro","0.1239",""
"2015S2","Czechia","Electrical energy","Band IB : 20 MWh < Consumption < 500 MWh","Kilowatt-hour","All taxes and levies included","Euro","0.1481",""
"2015S2","Denmark","Electrical energy","Band IB : 20 MWh < Consumption < 500 MWh","Kilowatt-hour","All taxes and levies included","Euro","0.2672",""
"2015S2","Germany (until 1990 former territory of the FRG)","Electrical energy","Band IB : 20 MWh < Consumption < 500 MWh","Kilowatt-hour","All taxes and levies included","Euro","0.2226",""
"2015S2","Estonia","Electrical energy","Band IB : 20 MWh < Consumption < 500 MWh","Kilowatt-hour","All taxes and levies included","Euro","0.1178",""
"2015S2","Ireland","Electrical energy","Band IB : 20 MWh < Consumption < 500 MWh","Kilowatt-hour","All taxes and levies included","Euro","0.1862",""
"2015S2","Greece","Electrical energy","Band IB : 20 MWh < Consumption < 500 MWh","Kilowatt-hour","All taxes and levies included","Euro","0.2105",""
"2015S2","Spain","Electrical energy","Band IB : 20 MWh < Consumption < 500 MWh","Kilowatt-hour","All taxes and levies included","Euro","0.1828",""
"2015S2","France","Electrical energy","Band IB : 20 MWh < Consumption < 500 MWh","Kilowatt-hour","All taxes and levies included","Euro","0.1426",""
"2015S2","Croatia","Electrical energy","Band IB : 20 MWh < Consumption < 500 MWh","Kilowatt-hour","All taxes and levies included","Euro","0.1349",""
"2015S2","Italy","Electrical energy","Band IB : 20 MWh < Consumption < 500 MWh","Kilowatt-hour","All taxes and levies included","Euro","0.2231",""
"2015S2","Cyprus","Electrical energy","Band IB : 20 MWh < Consumption < 500 MWh","Kilowatt-hour","All taxes and levies included","Euro","0.1903",""
"2015S2","Latvia","Electrical energy","Band IB : 20 MWh < Consumption < 500 MWh","Kilowatt-hour","All taxes and levies included","Euro","0.1584",""
"2015S2","Lithuania","Electrical energy","Band IB : 20 MWh < Consumption < 500 MWh","Kilowatt-hour","All taxes and levies included","Euro","0.1328",""
"2015S2","Luxembourg","Electrical energy","Band IB : 20 MWh < Consumption < 500 MWh","Kilowatt-hour","All taxes and levies included","Euro","0.1112",""
"2015S2","Hungary","Electrical energy","Band IB : 20 MWh < Consumption < 500 MWh","Kilowatt-hour","All taxes and levies included","Euro","0.1205",""
"2015S2","Malta","Electrical energy","Band IB : 20 MWh < Consumption < 500 MWh","Kilowatt-hour","All taxes and levies included","Euro","0.1633",""
"2015S2","Netherlands","Electrical energy","Band IB : 20 MWh < Consumption < 500 MWh","Kilowatt-hour","All taxes and levies included","Euro","0.1276",""
"2015S2","Austria","Electrical energy","Band IB : 20 MWh < Consumption < 500 MWh","Kilowatt-hour","All taxes and levies included","Euro","0.1510",""
"2015S2","Poland","Electrical energy","Band IB : 20 MWh < Consumption < 500 MWh","Kilowatt-hour","All taxes and levies included","Euro","0.1393",""
"2015S2","Portugal","Electrical energy","Band IB : 20 MWh < Consumption < 500 MWh","Kilowatt-hour","All taxes and levies included","Euro","0.1772",""
"2015S2","Romania","Electrical energy","Band IB : 20 MWh < Consumption < 500 MWh","Kilowatt-hour","All taxes and levies included","Euro","0.1192",""
"2015S2","Slovenia","Electrical energy","Band IB : 20 MWh < Consumption < 500 MWh","Kilowatt-hour","All taxes and levies included","Euro","0.1299",""
"2015S2","Slovakia","Electrical energy","Band IB : 20 MWh < Consumption < 500 MWh","Kilowatt-hour","All taxes and levies included","Euro","0.1657",""
"2015S2","Finland","Electrical energy","Band IB : 20 MWh < Consumption < 500 MWh","Kilowatt-hour","All taxes and levies included","Euro","0.1036",""
"2015S2","Sweden","Electrical energy","Band IB : 20 MWh < Consumption < 500 MWh","Kilowatt-hour","All taxes and levies included","Euro","0.0877",""
"2016S1","European Union - 27 countries (from 2020)","Electrical energy","Band IB : 20 MWh < Consumption < 500 MWh","Kilowatt-hour","All taxes and levies included","Euro","0.1720",""
"2016S1","Belgium","Electrical energy","Band IB : 20 MWh < Consumption < 500 MWh","Kilowatt-hour","All taxes and levies included","Euro","0.1803",""
"2016S1","Bulgaria","Electrical energy","Band IB : 20 MWh < Consumption < 500 MWh","Kilowatt-hour","All taxes and levies included","Euro","0.1285",""
"2016S1","Czechia","Electrical energy","Band IB : 20 MWh < Consumption < 500 MWh","Kilowatt-hour","All taxes and levies included","Euro","0.1411",""
"2016S1","Denmark","Electrical energy","Band IB : 20 MWh < Consumption < 500 MWh","Kilowatt-hour","All taxes and levies included","Euro","0.2734",""
"2016S1","Germany (until 1990 former territory of the FRG)","Electrical energy","Band IB : 20 MWh < Consumption < 500 MWh","Kilowatt-hour","All taxes and levies included","Euro","0.2259",""
"2016S1","Estonia","Electrical energy","Band IB : 20 MWh < Consumption < 500 MWh","Kilowatt-hour","All taxes and levies included","Euro","0.1118",""
"2016S1","Ireland","Electrical energy","Band IB : 20 MWh < Consumption < 500 MWh","Kilowatt-hour","All taxes and levies included","Euro","0.1806",""
"2016S1","Greece","Electrical energy","Band IB : 20 MWh < Consumption < 500 MWh","Kilowatt-hour","All taxes and levies included","Euro","0.1434",""
"2016S1","Spain","Electrical energy","Band IB : 20 MWh < Consumption < 500 MWh","Kilowatt-hour","All taxes and levies included","Euro","0.1775",""
"2016S1","France","Electrical energy","Band IB : 20 MWh < Consumption < 500 MWh","Kilowatt-hour","All taxes and levies included","Euro","0.1396",""
"2016S1","Croatia","Electrical energy","Band IB : 20 MWh < Consumption < 500 MWh","Kilowatt-hour","All taxes and levies included","Euro","0.1322",""
"2016S1","Italy","Electrical energy","Band IB : 20 MWh < Consumption < 500 MWh","Kilowatt-hour","All taxes and levies included","Euro","0.2141",""
"2016S1","Cyprus","Electrical energy","Band IB : 20 MWh < Consumption < 500 MWh","Kilowatt-hour","All taxes and levies included","Euro","0.1550",""
"2016S1","Latvia","Electrical energy","Band IB : 20 MWh < Consumption < 500 MWh","Kilowatt-hour","All taxes and levies included","Euro","0.1555",""
"2016S1","Lithuania","Electrical energy","Band IB : 20 MWh < Consumption < 500 MWh","Kilowatt-hour","All taxes and levies included","Euro","0.1277",""
"2016S1","Luxembourg","Electrical energy","Band IB : 20 MWh < Consumption < 500 MWh","Kilowatt-hour","All taxes and levies included","Euro","0.1093",""
"2016S1","Hungary","Electrical energy","Band IB : 20 MWh < Consumption < 500 MWh","Kilowatt-hour","All taxes and levies included","Euro","0.1151",""
"2016S1","Malta","Electrical energy","Band IB : 20 MWh < Consumption < 500 MWh","Kilowatt-hour","All taxes and levies included","Euro","0.1657",""
"2016S1","Netherlands","Electrical energy","Band IB : 20 MWh < Consumption < 500 MWh","Kilowatt-hour","All taxes and levies included","Euro","0.1669",""
"2016S1","Austria","Electrical energy","Band IB : 20 MWh < Consumption < 500 MWh","Kilowatt-hour","All taxes and levies included","Euro","0.1519",""
"2016S1","Poland","Electrical energy","Band IB : 20 MWh < Consumption < 500 MWh","Kilowatt-hour","All taxes and levies included","Euro","0.1313",""
"2016S1","Portugal","Electrical energy","Band IB : 20 MWh < Consumption < 500 MWh","Kilowatt-hour","All taxes and levies included","Euro","0.1844",""
"2016S1","Romania","Electrical energy","Band IB : 20 MWh < Consumption < 500 MWh","Kilowatt-hour","All taxes and levies included","Euro","0.1115",""
"2016S1","Slovenia","Electrical energy","Band IB : 20 MWh < Consumption < 500 MWh","Kilowatt-hour","All taxes and levies included","Euro","0.1277",""
"2016S1","Slovakia","Electrical energy","Band IB : 20 MWh < Consumption < 500 MWh","Kilowatt-hour","All taxes and levies included","Euro","0.1621",""
"2016S1","Finland","Electrical energy","Band IB : 20 MWh < Consumption < 500 MWh","Kilowatt-hour","All taxes and levies included","Euro","0.1027",""
"2016S1","Sweden","Electrical energy","Band IB : 20 MWh < Consumption < 500 MWh","Kilowatt-hour","All taxes and levies included","Euro","0.0894",""
"2016S2","European Union - 27 countries (from 2020)","Electrical energy","Band IB : 20 MWh < Consumption < 500 MWh","Kilowatt-hour","All taxes and levies included","Euro","0.1687",""
"2016S2","Belgium","Electrical energy","Band IB : 20 MWh < Consumption < 500 MWh","Kilowatt-hour","All taxes and levies included","Euro","0.1895",""
"2016S2","Bulgaria","Electrical energy","Band IB : 20 MWh < Consumption < 500 MWh","Kilowatt-hour","All taxes and levies included","Euro","0.1136",""
"2016S2","Czechia","Electrical energy","Band IB : 20 MWh < Consumption < 500 MWh","Kilowatt-hour","All taxes and levies included","Euro","0.1410",""
"2016S2","Denmark","Electrical energy","Band IB : 20 MWh < Consumption < 500 MWh","Kilowatt-hour","All taxes and levies included","Euro","0.2728",""
"2016S2","Germany (until 1990 former territory of the FRG)","Electrical energy","Band IB : 20 MWh < Consumption < 500 MWh","Kilowatt-hour","All taxes and levies included","Euro","0.2233",""
"2016S2","Estonia","Electrical energy","Band IB : 20 MWh < Consumption < 500 MWh","Kilowatt-hour","All taxes and levies included","Euro","0.1153",""
"2016S2","Ireland","Electrical energy","Band IB : 20 MWh < Consumption < 500 MWh","Kilowatt-hour","All taxes and levies included","Euro","0.1753",""
"2016S2","Greece","Electrical energy","Band IB : 20 MWh < Consumption < 500 MWh","Kilowatt-hour","All taxes and levies included","Euro","0.1672",""
"2016S2","Spain","Electrical energy","Band IB : 20 MWh < Consumption < 500 MWh","Kilowatt-hour","All taxes and levies included","Euro","0.1706",""
"2016S2","France","Electrical energy","Band IB : 20 MWh < Consumption < 500 MWh","Kilowatt-hour","All taxes and levies included","Euro","0.1318",""
"2016S2","Croatia","Electrical energy","Band IB : 20 MWh < Consumption < 500 MWh","Kilowatt-hour","All taxes and levies included","Euro","0.1311",""
"2016S2","Italy","Electrical energy","Band IB : 20 MWh < Consumption < 500 MWh","Kilowatt-hour","All taxes and levies included","Euro","0.2167",""
"2016S2","Cyprus","Electrical energy","Band IB : 20 MWh < Consumption < 500 MWh","Kilowatt-hour","All taxes and levies included","Euro","0.1740",""
"2016S2","Latvia","Electrical energy","Band IB : 20 MWh < Consumption < 500 MWh","Kilowatt-hour","All taxes and levies included","Euro","0.1645",""
"2016S2","Lithuania","Electrical energy","Band IB : 20 MWh < Consumption < 500 MWh","Kilowatt-hour","All taxes and levies included","Euro","0.1205",""
"2016S2","Luxembourg","Electrical energy","Band IB : 20 MWh < Consumption < 500 MWh","Kilowatt-hour","All taxes and levies included","Euro","0.1098",""
"2016S2","Hungary","Electrical energy","Band IB : 20 MWh < Consumption < 500 MWh","Kilowatt-hour","All taxes and levies included","Euro","0.1174",""
"2016S2","Malta","Electrical energy","Band IB : 20 MWh < Consumption < 500 MWh","Kilowatt-hour","All taxes and levies included","Euro","0.1634",""
"2016S2","Netherlands","Electrical energy","Band IB : 20 MWh < Consumption < 500 MWh","Kilowatt-hour","All taxes and levies included","Euro","0.1236",""
"2016S2","Austria","Electrical energy","Band IB : 20 MWh < Consumption < 500 MWh","Kilowatt-hour","All taxes and levies included","Euro","0.1490",""
"2016S2","Poland","Electrical energy","Band IB : 20 MWh < Consumption < 500 MWh","Kilowatt-hour","All taxes and levies included","Euro","0.1311",""
"2016S2","Portugal","Electrical energy","Band IB : 20 MWh < Consumption < 500 MWh","Kilowatt-hour","All taxes and levies included","Euro","0.1843",""
"2016S2","Romania","Electrical energy","Band IB : 20 MWh < Consumption < 500 MWh","Kilowatt-hour","All taxes and levies included","Euro","0.1091",""
"2016S2","Slovenia","Electrical energy","Band IB : 20 MWh < Consumption < 500 MWh","Kilowatt-hour","All taxes and levies included","Euro","0.1251",""
"2016S2","Slovakia","Electrical energy","Band IB : 20 MWh < Consumption < 500 MWh","Kilowatt-hour","All taxes and levies included","Euro","0.1613",""
"2016S2","Finland","Electrical energy","Band IB : 20 MWh < Consumption < 500 MWh","Kilowatt-hour","All taxes and levies included","Euro","0.1047",""
"2016S2","Sweden","Electrical energy","Band IB : 20 MWh < Consumption < 500 MWh","Kilowatt-hour","All taxes and levies included","Euro","0.0955",""
"2017S1","European Union - 27 countries (from 2020)","Electrical energy","Band IB : 20 MWh < Consumption < 500 MWh","Kilowatt-hour","All taxes and levies included","Euro","0.1754",""
"2017S1","Belgium","Electrical energy","Band IB : 20 MWh < Consumption < 500 MWh","Kilowatt-hour","All taxes and levies included","Euro","0.1939",""
"2017S1","Bulgaria","Electrical energy","Band IB : 20 MWh < Consumption < 500 MWh","Kilowatt-hour","All taxes and levies included","Euro","0.1069",""
"2017S1","Czechia","Electrical energy","Band IB : 20 MWh < Consumption < 500 MWh","Kilowatt-hour","All taxes and levies included","Euro","0.1352",""
"2017S1","Denmark","Electrical energy","Band IB : 20 MWh < Consumption < 500 MWh","Kilowatt-hour","All taxes and levies included","Euro","0.2794",""
"2017S1","Germany (until 1990 former territory of the FRG)","Electrical energy","Band IB : 20 MWh < Consumption < 500 MWh","Kilowatt-hour","All taxes and levies included","Euro","0.2305",""
"2017S1","Estonia","Electrical energy","Band IB : 20 MWh < Consumption < 500 MWh","Kilowatt-hour","All taxes and levies included","Euro","0.1124",""
"2017S1","Ireland","Electrical energy","Band IB : 20 MWh < Consumption < 500 MWh","Kilowatt-hour","All taxes and levies included","Euro","0.1692",""
"2017S1","Greece","Electrical energy","Band IB : 20 MWh < Consumption < 500 MWh","Kilowatt-hour","All taxes and levies included","Euro","0.1627",""
"2017S1","Spain","Electrical energy","Band IB : 20 MWh < Consumption < 500 MWh","Kilowatt-hour","All taxes and levies included","Euro","0.1658",""
"2017S1","France","Electrical energy","Band IB : 20 MWh < Consumption < 500 MWh","Kilowatt-hour","All taxes and levies included","Euro","0.1466",""
"2017S1","Croatia","Electrical energy","Band IB : 20 MWh < Consumption < 500 MWh","Kilowatt-hour","All taxes and levies included","Euro","0.1173",""
"2017S1","Italy","Electrical energy","Band IB : 20 MWh < Consumption < 500 MWh","Kilowatt-hour","All taxes and levies included","Euro","0.2085",""
"2017S1","Cyprus","Electrical energy","Band IB : 20 MWh < Consumption < 500 MWh","Kilowatt-hour","All taxes and levies included","Euro","0.1963",""
"2017S1","Latvia","Electrical energy","Band IB : 20 MWh < Consumption < 500 MWh","Kilowatt-hour","All taxes and levies included","Euro","0.1629",""
"2017S1","Lithuania","Electrical energy","Band IB : 20 MWh < Consumption < 500 MWh","Kilowatt-hour","All taxes and levies included","Euro","0.1144",""
"2017S1","Luxembourg","Electrical energy","Band IB : 20 MWh < Consumption < 500 MWh","Kilowatt-hour","All taxes and levies included","Euro","0.1094",""
"2017S1","Hungary","Electrical energy","Band IB : 20 MWh < Consumption < 500 MWh","Kilowatt-hour","All taxes and levies included","Euro","0.1137","e"
"2017S1","Malta","Electrical energy","Band IB : 20 MWh < Consumption < 500 MWh","Kilowatt-hour","All taxes and levies included","Euro","0.1597",""
"2017S1","Netherlands","Electrical energy","Band IB : 20 MWh < Consumption < 500 MWh","Kilowatt-hour","All taxes and levies included","Euro","0.1653",""
"2017S1","Austria","Electrical energy","Band IB : 20 MWh < Consumption < 500 MWh","Kilowatt-hour","All taxes and levies included","Euro","0.1430",""
"2017S1","Poland","Electrical energy","Band IB : 20 MWh < Consumption < 500 MWh","Kilowatt-hour","All taxes and levies included","Euro","0.1402",""
"2017S1","Portugal","Electrical energy","Band IB : 20 MWh < Consumption < 500 MWh","Kilowatt-hour","All taxes and levies included","Euro","0.1894",""
"2017S1","Romania","Electrical energy","Band IB : 20 MWh < Consumption < 500 MWh","Kilowatt-hour","All taxes and levies included","Euro","0.1057",""
"2017S1","Slovenia","Electrical energy","Band IB : 20 MWh < Consumption < 500 MWh","Kilowatt-hour","All taxes and levies included","Euro","0.1207",""
"2017S1","Slovakia","Electrical energy","Band IB : 20 MWh < Consumption < 500 MWh","Kilowatt-hour","All taxes and levies included","Euro","0.1596",""
"2017S1","Finland","Electrical energy","Band IB : 20 MWh < Consumption < 500 MWh","Kilowatt-hour","All taxes and levies included","Euro","0.1043",""
"2017S1","Sweden","Electrical energy","Band IB : 20 MWh < Consumption < 500 MWh","Kilowatt-hour","All taxes and levies included","Euro","0.0954",""
"2017S2","European Union - 27 countries (from 2020)","Electrical energy","Band IB : 20 MWh < Consumption < 500 MWh","Kilowatt-hour","All taxes and levies included","Euro","0.1712",""
"2017S2","Belgium","Electrical energy","Band IB : 20 MWh < Consumption < 500 MWh","Kilowatt-hour","All taxes and levies included","Euro","0.1869",""
"2017S2","Bulgaria","Electrical energy","Band IB : 20 MWh < Consumption < 500 MWh","Kilowatt-hour","All taxes and levies included","Euro","0.1125",""
"2017S2","Czechia","Electrical energy","Band IB : 20 MWh < Consumption < 500 MWh","Kilowatt-hour","All taxes and levies included","Euro","0.1435",""
"2017S2","Denmark","Electrical energy","Band IB : 20 MWh < Consumption < 500 MWh","Kilowatt-hour","All taxes and levies included","Euro","0.2774",""
"2017S2","Germany (until 1990 former territory of the FRG)","Electrical energy","Band IB : 20 MWh < Consumption < 500 MWh","Kilowatt-hour","All taxes and levies included","Euro","0.2278",""
"2017S2","Estonia","Electrical energy","Band IB : 20 MWh < Consumption < 500 MWh","Kilowatt-hour","All taxes and levies included","Euro","0.1130",""
"2017S2","Ireland","Electrical energy","Band IB : 20 MWh < Consumption < 500 MWh","Kilowatt-hour","All taxes and levies included","Euro","0.1719",""
"2017S2","Greece","Electrical energy","Band IB : 20 MWh < Consumption < 500 MWh","Kilowatt-hour","All taxes and levies included","Euro","0.1792",""
"2017S2","Spain","Electrical energy","Band IB : 20 MWh < Consumption < 500 MWh","Kilowatt-hour","All taxes and levies included","Euro","0.1676",""
"2017S2","France","Electrical energy","Band IB : 20 MWh < Consumption < 500 MWh","Kilowatt-hour","All taxes and levies included","Euro","0.1413",""
"2017S2","Croatia","Electrical energy","Band IB : 20 MWh < Consumption < 500 MWh","Kilowatt-hour","All taxes and levies included","Euro","0.1222",""
"2017S2","Italy","Electrical energy","Band IB : 20 MWh < Consumption < 500 MWh","Kilowatt-hour","All taxes and levies included","Euro","0.2020",""
"2017S2","Cyprus","Electrical energy","Band IB : 20 MWh < Consumption < 500 MWh","Kilowatt-hour","All taxes and levies included","Euro","0.1800",""
"2017S2","Latvia","Electrical energy","Band IB : 20 MWh < Consumption < 500 MWh","Kilowatt-hour","All taxes and levies included","Euro","0.1616",""
"2017S2","Lithuania","Electrical energy","Band IB : 20 MWh < Consumption < 500 MWh","Kilowatt-hour","All taxes and levies included","Euro","0.1132",""
"2017S2","Luxembourg","Electrical energy","Band IB : 20 MWh < Consumption < 500 MWh","Kilowatt-hour","All taxes and levies included","Euro","0.1072",""
"2017S2","Hungary","Electrical energy","Band IB : 20 MWh < Consumption < 500 MWh","Kilowatt-hour","All taxes and levies included","Euro","0.1148",""
"2017S2","Malta","Electrical energy","Band IB : 20 MWh < Consumption < 500 MWh","Kilowatt-hour","All taxes and levies included","Euro","0.1600",""
"2017S2","Netherlands","Electrical energy","Band IB : 20 MWh < Consumption < 500 MWh","Kilowatt-hour","All taxes and levies included","Euro","0.1129",""
"2017S2","Austria","Electrical energy","Band IB : 20 MWh < Consumption < 500 MWh","Kilowatt-hour","All taxes and levies included","Euro","0.1463",""
"2017S2","Poland","Electrical energy","Band IB : 20 MWh < Consumption < 500 MWh","Kilowatt-hour","All taxes and levies included","Euro","0.1385",""
"2017S2","Portugal","Electrical energy","Band IB : 20 MWh < Consumption < 500 MWh","Kilowatt-hour","All taxes and levies included","Euro","0.1870",""
"2017S2","Romania","Electrical energy","Band IB : 20 MWh < Consumption < 500 MWh","Kilowatt-hour","All taxes and levies included","Euro","0.1072",""
"2017S2","Slovenia","Electrical energy","Band IB : 20 MWh < Consumption < 500 MWh","Kilowatt-hour","All taxes and levies included","Euro","0.1198",""
"2017S2","Slovakia","Electrical energy","Band IB : 20 MWh < Consumption < 500 MWh","Kilowatt-hour","All taxes and levies included","Euro","0.1576",""
"2017S2","Finland","Electrical energy","Band IB : 20 MWh < Consumption < 500 MWh","Kilowatt-hour","All taxes and levies included","Euro","0.1021",""
"2017S2","Sweden","Electrical energy","Band IB : 20 MWh < Consumption < 500 MWh","Kilowatt-hour","All taxes and levies included","Euro","0.1000",""
"2018S1","European Union - 27 countries (from 2020)","Electrical energy","Band IB : 20 MWh < Consumption < 500 MWh","Kilowatt-hour","All taxes and levies included","Euro","0.1715",""
"2018S1","Belgium","Electrical energy","Band IB : 20 MWh < Consumption < 500 MWh","Kilowatt-hour","All taxes and levies included","Euro","0.1727",""
"2018S1","Bulgaria","Electrical energy","Band IB : 20 MWh < Consumption < 500 MWh","Kilowatt-hour","All taxes and levies included","Euro","0.1130",""
"2018S1","Czechia","Electrical energy","Band IB : 20 MWh < Consumption < 500 MWh","Kilowatt-hour","All taxes and levies included","Euro","0.1507",""
"2018S1","Denmark","Electrical energy","Band IB : 20 MWh < Consumption < 500 MWh","Kilowatt-hour","All taxes and levies included","Euro","0.2807",""
"2018S1","Germany (until 1990 former territory of the FRG)","Electrical energy","Band IB : 20 MWh < Consumption < 500 MWh","Kilowatt-hour","All taxes and levies included","Euro","0.2231",""
"2018S1","Estonia","Electrical energy","Band IB : 20 MWh < Consumption < 500 MWh","Kilowatt-hour","All taxes and levies included","Euro","0.1148",""
"2018S1","Ireland","Electrical energy","Band IB : 20 MWh < Consumption < 500 MWh","Kilowatt-hour","All taxes and levies included","Euro","0.1772",""
"2018S1","Greece","Electrical energy","Band IB : 20 MWh < Consumption < 500 MWh","Kilowatt-hour","All taxes and levies included","Euro","0.1632",""
"2018S1","Spain","Electrical energy","Band IB : 20 MWh < Consumption < 500 MWh","Kilowatt-hour","All taxes and levies included","Euro","0.1445",""
"2018S1","France","Electrical energy","Band IB : 20 MWh < Consumption < 500 MWh","Kilowatt-hour","All taxes and levies included","Euro","0.1514",""
"2018S1","Croatia","Electrical energy","Band IB : 20 MWh < Consumption < 500 MWh","Kilowatt-hour","All taxes and levies included","Euro","0.1293",""
"2018S1","Italy","Electrical energy","Band IB : 20 MWh < Consumption < 500 MWh","Kilowatt-hour","All taxes and levies included","Euro","0.1968",""
"2018S1","Cyprus","Electrical energy","Band IB : 20 MWh < Consumption < 500 MWh","Kilowatt-hour","All taxes and levies included","Euro","0.1794",""
"2018S1","Latvia","Electrical energy","Band IB : 20 MWh < Consumption < 500 MWh","Kilowatt-hour","All taxes and levies included","Euro","0.1570",""
"2018S1","Lithuania","Electrical energy","Band IB : 20 MWh < Consumption < 500 MWh","Kilowatt-hour","All taxes and levies included","Euro","0.1134",""
"2018S1","Luxembourg","Electrical energy","Band IB : 20 MWh < Consumption < 500 MWh","Kilowatt-hour","All taxes and levies included","Euro","0.1118",""
"2018S1","Hungary","Electrical energy","Band IB : 20 MWh < Consumption < 500 MWh","Kilowatt-hour","All taxes and levies included","Euro","0.1253",""
"2018S1","Malta","Electrical energy","Band IB : 20 MWh < Consumption < 500 MWh","Kilowatt-hour","All taxes and levies included","Euro","0.1596",""
"2018S1","Netherlands","Electrical energy","Band IB : 20 MWh < Consumption < 500 MWh","Kilowatt-hour","All taxes and levies included","Euro","0.1737",""
"2018S1","Austria","Electrical energy","Band IB : 20 MWh < Consumption < 500 MWh","Kilowatt-hour","All taxes and levies included","Euro","0.1463",""
"2018S1","Poland","Electrical energy","Band IB : 20 MWh < Consumption < 500 MWh","Kilowatt-hour","All taxes and levies included","Euro","0.1404",""
"2018S1","Portugal","Electrical energy","Band IB : 20 MWh < Consumption < 500 MWh","Kilowatt-hour","All taxes and levies included","Euro","0.1835",""
"2018S1","Romania","Electrical energy","Band IB : 20 MWh < Consumption < 500 MWh","Kilowatt-hour","All taxes and levies included","Euro","0.1119",""
"2018S1","Slovenia","Electrical energy","Band IB : 20 MWh < Consumption < 500 MWh","Kilowatt-hour","All taxes and levies included","Euro","0.1289",""
"2018S1","Slovakia","Electrical energy","Band IB : 20 MWh < Consumption < 500 MWh","Kilowatt-hour","All taxes and levies included","Euro","0.1617",""
"2018S1","Finland","Electrical energy","Band IB : 20 MWh < Consumption < 500 MWh","Kilowatt-hour","All taxes and levies included","Euro","0.1033",""
"2018S1","Sweden","Electrical energy","Band IB : 20 MWh < Consumption < 500 MWh","Kilowatt-hour","All taxes and levies included","Euro","0.0993",""
"2018S2","European Union - 27 countries (from 2020)","Electrical energy","Band IB : 20 MWh < Consumption < 500 MWh","Kilowatt-hour","All taxes and levies included","Euro","0.1727",""
"2018S2","Belgium","Electrical energy","Band IB : 20 MWh < Consumption < 500 MWh","Kilowatt-hour","All taxes and levies included","Euro","0.1841",""
"2018S2","Bulgaria","Electrical energy","Band IB : 20 MWh < Consumption < 500 MWh","Kilowatt-hour","All taxes and levies included","Euro","0.1162",""
"2018S2","Czechia","Electrical energy","Band IB : 20 MWh < Consumption < 500 MWh","Kilowatt-hour","All taxes and levies included","Euro","0.1565",""
"2018S2","Denmark","Electrical energy","Band IB : 20 MWh < Consumption < 500 MWh","Kilowatt-hour","All taxes and levies included","Euro","0.2787",""
"2018S2","Germany (until 1990 former territory of the FRG)","Electrical energy","Band IB : 20 MWh < Consumption < 500 MWh","Kilowatt-hour","All taxes and levies included","Euro","0.2256",""
"2018S2","Estonia","Electrical energy","Band IB : 20 MWh < Consumption < 500 MWh","Kilowatt-hour","All taxes and levies included","Euro","0.1243",""
"2018S2","Ireland","Electrical energy","Band IB : 20 MWh < Consumption < 500 MWh","Kilowatt-hour","All taxes and levies included","Euro","0.1823",""
"2018S2","Greece","Electrical energy","Band IB : 20 MWh < Consumption < 500 MWh","Kilowatt-hour","All taxes and levies included","Euro","0.1627",""
"2018S2","Spain","Electrical energy","Band IB : 20 MWh < Consumption < 500 MWh","Kilowatt-hour","All taxes and levies included","Euro","0.1718",""
"2018S2","France","Electrical energy","Band IB : 20 MWh < Consumption < 500 MWh","Kilowatt-hour","All taxes and levies included","Euro","0.1440",""
"2018S2","Croatia","Electrical energy","Band IB : 20 MWh < Consumption < 500 MWh","Kilowatt-hour","All taxes and levies included","Euro","0.1294",""
"2018S2","Italy","Electrical energy","Band IB : 20 MWh < Consumption < 500 MWh","Kilowatt-hour","All taxes and levies included","Euro","0.1999",""
"2018S2","Cyprus","Electrical energy","Band IB : 20 MWh < Consumption < 500 MWh","Kilowatt-hour","All taxes and levies included","Euro","0.2201",""
"2018S2","Latvia","Electrical energy","Band IB : 20 MWh < Consumption < 500 MWh","Kilowatt-hour","All taxes and levies included","Euro","0.1560",""
"2018S2","Lithuania","Electrical energy","Band IB : 20 MWh < Consumption < 500 MWh","Kilowatt-hour","All taxes and levies included","Euro","0.1246",""
"2018S2","Luxembourg","Electrical energy","Band IB : 20 MWh < Consumption < 500 MWh","Kilowatt-hour","All taxes and levies included","Euro","0.1147",""
"2018S2","Hungary","Electrical energy","Band IB : 20 MWh < Consumption < 500 MWh","Kilowatt-hour","All taxes and levies included","Euro","0.1240",""
"2018S2","Malta","Electrical energy","Band IB : 20 MWh < Consumption < 500 MWh","Kilowatt-hour","All taxes and levies included","Euro","0.1600",""
"2018S2","Netherlands","Electrical energy","Band IB : 20 MWh < Consumption < 500 MWh","Kilowatt-hour","All taxes and levies included","Euro","0.1277",""
"2018S2","Austria","Electrical energy","Band IB : 20 MWh < Consumption < 500 MWh","Kilowatt-hour","All taxes and levies included","Euro","0.1480",""
"2018S2","Poland","Electrical energy","Band IB : 20 MWh < Consumption < 500 MWh","Kilowatt-hour","All taxes and levies included","Euro","0.1403",""
"2018S2","Portugal","Electrical energy","Band IB : 20 MWh < Consumption < 500 MWh","Kilowatt-hour","All taxes and levies included","Euro","0.1839",""
"2018S2","Romania","Electrical energy","Band IB : 20 MWh < Consumption < 500 MWh","Kilowatt-hour","All taxes and levies included","Euro","0.1161",""
"2018S2","Slovenia","Electrical energy","Band IB : 20 MWh < Consumption < 500 MWh","Kilowatt-hour","All taxes and levies included","Euro","0.1292",""
"2018S2","Slovakia","Electrical energy","Band IB : 20 MWh < Consumption < 500 MWh","Kilowatt-hour","All taxes and levies included","Euro","0.1650",""
"2018S2","Finland","Electrical energy","Band IB : 20 MWh < Consumption < 500 MWh","Kilowatt-hour","All taxes and levies included","Euro","0.1077",""
"2018S2","Sweden","Electrical energy","Band IB : 20 MWh < Consumption < 500 MWh","Kilowatt-hour","All taxes and levies included","Euro","0.1068",""
"2019S1","European Union - 27 countries (from 2020)","Electrical energy","Band IB : 20 MWh < Consumption < 500 MWh","Kilowatt-hour","All taxes and levies included","Euro","0.1830",""
"2019S1","Belgium","Electrical energy","Band IB : 20 MWh < Consumption < 500 MWh","Kilowatt-hour","All taxes and levies included","Euro","0.1923",""
"2019S1","Bulgaria","Electrical energy","Band IB : 20 MWh < Consumption < 500 MWh","Kilowatt-hour","All taxes and levies included","Euro","0.1194",""
"2019S1","Czechia","Electrical energy","Band IB : 20 MWh < Consumption < 500 MWh","Kilowatt-hour","All taxes and levies included","Euro","0.1661",""
"2019S1","Denmark","Electrical energy","Band IB : 20 MWh < Consumption < 500 MWh","Kilowatt-hour","All taxes and levies included","Euro","0.2628",""
"2019S1","Germany (until 1990 former territory of the FRG)","Electrical energy","Band IB : 20 MWh < Consumption < 500 MWh","Kilowatt-hour","All taxes and levies included","Euro","0.2298",""
"2019S1","Estonia","Electrical energy","Band IB : 20 MWh < Consumption < 500 MWh","Kilowatt-hour","All taxes and levies included","Euro","0.1198",""
"2019S1","Ireland","Electrical energy","Band IB : 20 MWh < Consumption < 500 MWh","Kilowatt-hour","All taxes and levies included","Euro","0.1843",""
"2019S1","Greece","Electrical energy","Band IB : 20 MWh < Consumption < 500 MWh","Kilowatt-hour","All taxes and levies included","Euro","0.1569",""
"2019S1","Spain","Electrical energy","Band IB : 20 MWh < Consumption < 500 MWh","Kilowatt-hour","All taxes and levies included","Euro","0.1791",""
"2019S1","France","Electrical energy","Band IB : 20 MWh < Consumption < 500 MWh","Kilowatt-hour","All taxes and levies included","Euro","0.1568",""
"2019S1","Croatia","Electrical energy","Band IB : 20 MWh < Consumption < 500 MWh","Kilowatt-hour","All taxes and levies included","Euro","0.1387",""
"2019S1","Italy","Electrical energy","Band IB : 20 MWh < Consumption < 500 MWh","Kilowatt-hour","All taxes and levies included","Euro","0.2237",""
"2019S1","Cyprus","Electrical energy","Band IB : 20 MWh < Consumption < 500 MWh","Kilowatt-hour","All taxes and levies included","Euro","0.2075",""
"2019S1","Latvia","Electrical energy","Band IB : 20 MWh < Consumption < 500 MWh","Kilowatt-hour","All taxes and levies included","Euro","0.1567",""
"2019S1","Lithuania","Electrical energy","Band IB : 20 MWh < Consumption < 500 MWh","Kilowatt-hour","All taxes and levies included","Euro","0.1252",""
"2019S1","Luxembourg","Electrical energy","Band IB : 20 MWh < Consumption < 500 MWh","Kilowatt-hour","All taxes and levies included","Euro","0.1199",""
"2019S1","Hungary","Electrical energy","Band IB : 20 MWh < Consumption < 500 MWh","Kilowatt-hour","All taxes and levies included","Euro","0.1415",""
"2019S1","Malta","Electrical energy","Band IB : 20 MWh < Consumption < 500 MWh","Kilowatt-hour","All taxes and levies included","Euro","0.1593",""
"2019S1","Netherlands","Electrical energy","Band IB : 20 MWh < Consumption < 500 MWh","Kilowatt-hour","All taxes and levies included","Euro","0.1654",""
"2019S1","Austria","Electrical energy","Band IB : 20 MWh < Consumption < 500 MWh","Kilowatt-hour","All taxes and levies included","Euro","0.1522",""
"2019S1","Poland","Electrical energy","Band IB : 20 MWh < Consumption < 500 MWh","Kilowatt-hour","All taxes and levies included","Euro","0.1502",""
"2019S1","Portugal","Electrical energy","Band IB : 20 MWh < Consumption < 500 MWh","Kilowatt-hour","All taxes and levies included","Euro","0.1703",""
"2019S1","Romania","Electrical energy","Band IB : 20 MWh < Consumption < 500 MWh","Kilowatt-hour","All taxes and levies included","Euro","0.1275",""
"2019S1","Slovenia","Electrical energy","Band IB : 20 MWh < Consumption < 500 MWh","Kilowatt-hour","All taxes and levies included","Euro","0.1380",""
"2019S1","Slovakia","Electrical energy","Band IB : 20 MWh < Consumption < 500 MWh","Kilowatt-hour","All taxes and levies included","Euro","0.1768",""
"2019S1","Finland","Electrical energy","Band IB : 20 MWh < Consumption < 500 MWh","Kilowatt-hour","All taxes and levies included","Euro","0.1092",""
"2019S1","Sweden","Electrical energy","Band IB : 20 MWh < Consumption < 500 MWh","Kilowatt-hour","All taxes and levies included","Euro","0.1131",""
"2019S2","European Union - 27 countries (from 2020)","Electrical energy","Band IB : 20 MWh < Consumption < 500 MWh","Kilowatt-hour","All taxes and levies included","Euro","0.1766",""
"2019S2","Belgium","Electrical energy","Band IB : 20 MWh < Consumption < 500 MWh","Kilowatt-hour","All taxes and levies included","Euro","0.1848",""
"2019S2","Bulgaria","Electrical energy","Band IB : 20 MWh < Consumption < 500 MWh","Kilowatt-hour","All taxes and levies included","Euro","0.1136",""
"2019S2","Czechia","Electrical energy","Band IB : 20 MWh < Consumption < 500 MWh","Kilowatt-hour","All taxes and levies included","Euro","0.1716",""
"2019S2","Denmark","Electrical energy","Band IB : 20 MWh < Consumption < 500 MWh","Kilowatt-hour","All taxes and levies included","Euro","0.2604",""
"2019S2","Germany (until 1990 former territory of the FRG)","Electrical energy","Band IB : 20 MWh < Consumption < 500 MWh","Kilowatt-hour","All taxes and levies included","Euro","0.2232",""
"2019S2","Estonia","Electrical energy","Band IB : 20 MWh < Consumption < 500 MWh","Kilowatt-hour","All taxes and levies included","Euro","0.1180",""
"2019S2","Ireland","Electrical energy","Band IB : 20 MWh < Consumption < 500 MWh","Kilowatt-hour","All taxes and levies included","Euro","0.1826",""
"2019S2","Greece","Electrical energy","Band IB : 20 MWh < Consumption < 500 MWh","Kilowatt-hour","All taxes and levies included","Euro","0.1534",""
"2019S2","Spain","Electrical energy","Band IB : 20 MWh < Consumption < 500 MWh","Kilowatt-hour","All taxes and levies included","Euro","0.1741",""
"2019S2","France","Electrical energy","Band IB : 20 MWh < Consumption < 500 MWh","Kilowatt-hour","All taxes and levies included","Euro","0.1519",""
"2019S2","Croatia","Electrical energy","Band IB : 20 MWh < Consumption < 500 MWh","Kilowatt-hour","All taxes and levies included","Euro","0.1430",""
"2019S2","Italy","Electrical energy","Band IB : 20 MWh < Consumption < 500 MWh","Kilowatt-hour","All taxes and levies included","Euro","0.2213",""
"2019S2","Cyprus","Electrical energy","Band IB : 20 MWh < Consumption < 500 MWh","Kilowatt-hour","All taxes and levies included","Euro","0.2192",""
"2019S2","Latvia","Electrical energy","Band IB : 20 MWh < Consumption < 500 MWh","Kilowatt-hour","All taxes and levies included","Euro","0.1583",""
"2019S2","Lithuania","Electrical energy","Band IB : 20 MWh < Consumption < 500 MWh","Kilowatt-hour","All taxes and levies included","Euro","0.1275",""
"2019S2","Luxembourg","Electrical energy","Band IB : 20 MWh < Consumption < 500 MWh","Kilowatt-hour","All taxes and levies included","Euro","0.1201",""
"2019S2","Hungary","Electrical energy","Band IB : 20 MWh < Consumption < 500 MWh","Kilowatt-hour","All taxes and levies included","Euro","0.1400",""
"2019S2","Malta","Electrical energy","Band IB : 20 MWh < Consumption < 500 MWh","Kilowatt-hour","All taxes and levies included","Euro","0.1596",""
"2019S2","Netherlands","Electrical energy","Band IB : 20 MWh < Consumption < 500 MWh","Kilowatt-hour","All taxes and levies included","Euro","0.1291",""
"2019S2","Austria","Electrical energy","Band IB : 20 MWh < Consumption < 500 MWh","Kilowatt-hour","All taxes and levies included","Euro","0.1514",""
"2019S2","Poland","Electrical energy","Band IB : 20 MWh < Consumption < 500 MWh","Kilowatt-hour","All taxes and levies included","Euro","0.1335",""
"2019S2","Portugal","Electrical energy","Band IB : 20 MWh < Consumption < 500 MWh","Kilowatt-hour","All taxes and levies included","Euro","0.1807",""
"2019S2","Romania","Electrical energy","Band IB : 20 MWh < Consumption < 500 MWh","Kilowatt-hour","All taxes and levies included","Euro","0.1339",""
"2019S2","Slovenia","Electrical energy","Band IB : 20 MWh < Consumption < 500 MWh","Kilowatt-hour","All taxes and levies included","Euro","0.1388",""
"2019S2","Slovakia","Electrical energy","Band IB : 20 MWh < Consumption < 500 MWh","Kilowatt-hour","All taxes and levies included","Euro","0.1812",""
"2019S2","Finland","Electrical energy","Band IB : 20 MWh < Consumption < 500 MWh","Kilowatt-hour","All taxes and levies included","Euro","0.1093","d"
"2019S2","Sweden","Electrical energy","Band IB : 20 MWh < Consumption < 500 MWh","Kilowatt-hour","All taxes and levies included","Euro","0.1035",""
"2020S1","European Union - 27 countries (from 2020)","Electrical energy","Band IB : 20 MWh < Consumption < 500 MWh","Kilowatt-hour","All taxes and levies included","Euro","0.1865",""
"2020S1","Belgium","Electrical energy","Band IB : 20 MWh < Consumption < 500 MWh","Kilowatt-hour","All taxes and levies included","Euro","0.1872",""
"2020S1","Bulgaria","Electrical energy","Band IB : 20 MWh < Consumption < 500 MWh","Kilowatt-hour","All taxes and levies included","Euro","0.1117",""
"2020S1","Czechia","Electrical energy","Band IB : 20 MWh < Consumption < 500 MWh","Kilowatt-hour","All taxes and levies included","Euro","0.1735",""
"2020S1","Denmark","Electrical energy","Band IB : 20 MWh < Consumption < 500 MWh","Kilowatt-hour","All taxes and levies included","Euro","0.2524",""
"2020S1","Germany (until 1990 former territory of the FRG)","Electrical energy","Band IB : 20 MWh < Consumption < 500 MWh","Kilowatt-hour","All taxes and levies included","Euro","0.2404",""
"2020S1","Estonia","Electrical energy","Band IB : 20 MWh < Consumption < 500 MWh","Kilowatt-hour","All taxes and levies included","Euro","0.1063",""
"2020S1","Ireland","Electrical energy","Band IB : 20 MWh < Consumption < 500 MWh","Kilowatt-hour","All taxes and levies included","Euro","0.1886",""
"2020S1","Greece","Electrical energy","Band IB : 20 MWh < Consumption < 500 MWh","Kilowatt-hour","All taxes and levies included","Euro","0.1492",""
"2020S1","Spain","Electrical energy","Band IB : 20 MWh < Consumption < 500 MWh","Kilowatt-hour","All taxes and levies included","Euro","0.1767",""
"2020S1","France","Electrical energy","Band IB : 20 MWh < Consumption < 500 MWh","Kilowatt-hour","All taxes and levies included","Euro","0.1702",""
"2020S1","Croatia","Electrical energy","Band IB : 20 MWh < Consumption < 500 MWh","Kilowatt-hour","All taxes and levies included","Euro","0.1385",""
"2020S1","Italy","Electrical energy","Band IB : 20 MWh < Consumption < 500 MWh","Kilowatt-hour","All taxes and levies included","Euro","0.2057",""
"2020S1","Cyprus","Electrical energy","Band IB : 20 MWh < Consumption < 500 MWh","Kilowatt-hour","All taxes and levies included","Euro","0.1928",""
"2020S1","Latvia","Electrical energy","Band IB : 20 MWh < Consumption < 500 MWh","Kilowatt-hour","All taxes and levies included","Euro","0.1539",""
"2020S1","Lithuania","Electrical energy","Band IB : 20 MWh < Consumption < 500 MWh","Kilowatt-hour","All taxes and levies included","Euro","0.1298",""
"2020S1","Luxembourg","Electrical energy","Band IB : 20 MWh < Consumption < 500 MWh","Kilowatt-hour","All taxes and levies included","Euro","0.1269",""
"2020S1","Hungary","Electrical energy","Band IB : 20 MWh < Consumption < 500 MWh","Kilowatt-hour","All taxes and levies included","Euro","0.1443",""
"2020S1","Malta","Electrical energy","Band IB : 20 MWh < Consumption < 500 MWh","Kilowatt-hour","All taxes and levies included","Euro","0.1593",""
"2020S1","Netherlands","Electrical energy","Band IB : 20 MWh < Consumption < 500 MWh","Kilowatt-hour","All taxes and levies included","Euro","0.1796",""
"2020S1","Austria","Electrical energy","Band IB : 20 MWh < Consumption < 500 MWh","Kilowatt-hour","All taxes and levies included","Euro","0.1614",""
"2020S1","Poland","Electrical energy","Band IB : 20 MWh < Consumption < 500 MWh","Kilowatt-hour","All taxes and levies included","Euro","0.1616",""
"2020S1","Portugal","Electrical energy","Band IB : 20 MWh < Consumption < 500 MWh","Kilowatt-hour","All taxes and levies included","Euro","0.1745",""
"2020S1","Romania","Electrical energy","Band IB : 20 MWh < Consumption < 500 MWh","Kilowatt-hour","All taxes and levies included","Euro","0.1422",""
"2020S1","Slovenia","Electrical energy","Band IB : 20 MWh < Consumption < 500 MWh","Kilowatt-hour","All taxes and levies included","Euro","0.1402",""
"2020S1","Slovakia","Electrical energy","Band IB : 20 MWh < Consumption < 500 MWh","Kilowatt-hour","All taxes and levies included","Euro","0.1849",""
"2020S1","Finland","Electrical energy","Band IB : 20 MWh < Consumption < 500 MWh","Kilowatt-hour","All taxes and levies included","Euro","0.1068",""
"2020S1","Sweden","Electrical energy","Band IB : 20 MWh < Consumption < 500 MWh","Kilowatt-hour","All taxes and levies included","Euro","0.1090","e"
"2020S2","European Union - 27 countries (from 2020)","Electrical energy","Band IB : 20 MWh < Consumption < 500 MWh","Kilowatt-hour","All taxes and levies included","Euro","0.1797",""
"2020S2","Belgium","Electrical energy","Band IB : 20 MWh < Consumption < 500 MWh","Kilowatt-hour","All taxes and levies included","Euro","0.1821",""
"2020S2","Bulgaria","Electrical energy","Band IB : 20 MWh < Consumption < 500 MWh","Kilowatt-hour","All taxes and levies included","Euro","0.1150",""
"2020S2","Czechia","Electrical energy","Band IB : 20 MWh < Consumption < 500 MWh","Kilowatt-hour","All taxes and levies included","Euro","0.1680",""
"2020S2","Denmark","Electrical energy","Band IB : 20 MWh < Consumption < 500 MWh","Kilowatt-hour","All taxes and levies included","Euro","0.2622",""
"2020S2","Germany (until 1990 former territory of the FRG)","Electrical energy","Band IB : 20 MWh < Consumption < 500 MWh","Kilowatt-hour","All taxes and levies included","Euro","0.2378",""
"2020S2","Estonia","Electrical energy","Band IB : 20 MWh < Consumption < 500 MWh","Kilowatt-hour","All taxes and levies included","Euro","0.1135",""
"2020S2","Ireland","Electrical energy","Band IB : 20 MWh < Consumption < 500 MWh","Kilowatt-hour","All taxes and levies included","Euro","0.1860",""
"2020S2","Greece","Electrical energy","Band IB : 20 MWh < Consumption < 500 MWh","Kilowatt-hour","All taxes and levies included","Euro","0.1536",""
"2020S2","Spain","Electrical energy","Band IB : 20 MWh < Consumption < 500 MWh","Kilowatt-hour","All taxes and levies included","Euro","0.1790",""
"2020S2","France","Electrical energy","Band IB : 20 MWh < Consumption < 500 MWh","Kilowatt-hour","All taxes and levies included","Euro","0.1515",""
"2020S2","Croatia","Electrical energy","Band IB : 20 MWh < Consumption < 500 MWh","Kilowatt-hour","All taxes and levies included","Euro","0.1352",""
"2020S2","Italy","Electrical energy","Band IB : 20 MWh < Consumption < 500 MWh","Kilowatt-hour","All taxes and levies included","Euro","0.1992",""
"2020S2","Cyprus","Electrical energy","Band IB : 20 MWh < Consumption < 500 MWh","Kilowatt-hour","All taxes and levies included","Euro","0.1661",""
"2020S2","Latvia","Electrical energy","Band IB : 20 MWh < Consumption < 500 MWh","Kilowatt-hour","All taxes and levies included","Euro","0.1563",""
"2020S2","Lithuania","Electrical energy","Band IB : 20 MWh < Consumption < 500 MWh","Kilowatt-hour","All taxes and levies included","Euro","0.1386",""
"2020S2","Luxembourg","Electrical energy","Band IB : 20 MWh < Consumption < 500 MWh","Kilowatt-hour","All taxes and levies included","Euro","0.1267",""
"2020S2","Hungary","Electrical energy","Band IB : 20 MWh < Consumption < 500 MWh","Kilowatt-hour","All taxes and levies included","Euro","0.1396",""
"2020S2","Malta","Electrical energy","Band IB : 20 MWh < Consumption < 500 MWh","Kilowatt-hour","All taxes and levies included","Euro","0.1595",""
"2020S2","Netherlands","Electrical energy","Band IB : 20 MWh < Consumption < 500 MWh","Kilowatt-hour","All taxes and levies included","Euro","0.1399",""
"2020S2","Austria","Electrical energy","Band IB : 20 MWh < Consumption < 500 MWh","Kilowatt-hour","All taxes and levies included","Euro","0.1624",""
"2020S2","Poland","Electrical energy","Band IB : 20 MWh < Consumption < 500 MWh","Kilowatt-hour","All taxes and levies included","Euro","0.1599",""
"2020S2","Portugal","Electrical energy","Band IB : 20 MWh < Consumption < 500 MWh","Kilowatt-hour","All taxes and levies included","Euro","0.1716",""
"2020S2","Romania","Electrical energy","Band IB : 20 MWh < Consumption < 500 MWh","Kilowatt-hour","All taxes and levies included","Euro","0.1389",""
"2020S2","Slovenia","Electrical energy","Band IB : 20 MWh < Consumption < 500 MWh","Kilowatt-hour","All taxes and levies included","Euro","0.1419",""
"2020S2","Slovakia","Electrical energy","Band IB : 20 MWh < Consumption < 500 MWh","Kilowatt-hour","All taxes and levies included","Euro","0.1856",""
"2020S2","Finland","Electrical energy","Band IB : 20 MWh < Consumption < 500 MWh","Kilowatt-hour","All taxes and levies included","Euro","0.1130",""
"2020S2","Sweden","Electrical energy","Band IB : 20 MWh < Consumption < 500 MWh","Kilowatt-hour","All taxes and levies included","Euro","0.1032",""
"2021S1","European Union - 27 countries (from 2020)","Electrical energy","Band IB : 20 MWh < Consumption < 500 MWh","Kilowatt-hour","All taxes and levies included","Euro","0.1895",""
"2021S1","Belgium","Electrical energy","Band IB : 20 MWh < Consumption < 500 MWh","Kilowatt-hour","All taxes and levies included","Euro","0.1888",""
"2021S1","Bulgaria","Electrical energy","Band IB : 20 MWh < Consumption < 500 MWh","Kilowatt-hour","All taxes and levies included","Euro","0.1222",""
"2021S1","Czechia","Electrical energy","Band IB : 20 MWh < Consumption < 500 MWh","Kilowatt-hour","All taxes and levies included","Euro","0.1649",""
"2021S1","Denmark","Electrical energy","Band IB : 20 MWh < Consumption < 500 MWh","Kilowatt-hour","All taxes and levies included","Euro","0.2737",""
"2021S1","Germany (until 1990 former territory of the FRG)","Electrical energy","Band IB : 20 MWh < Consumption < 500 MWh","Kilowatt-hour","All taxes and levies included","Euro","0.2450",""
"2021S1","Estonia","Electrical energy","Band IB : 20 MWh < Consumption < 500 MWh","Kilowatt-hour","All taxes and levies included","Euro","0.1220",""
"2021S1","Ireland","Electrical energy","Band IB : 20 MWh < Consumption < 500 MWh","Kilowatt-hour","All taxes and levies included","Euro","0.2056",""
"2021S1","Greece","Electrical energy","Band IB : 20 MWh < Consumption < 500 MWh","Kilowatt-hour","All taxes and levies included","Euro","0.1671",""
"2021S1","Spain","Electrical energy","Band IB : 20 MWh < Consumption < 500 MWh","Kilowatt-hour","All taxes and levies included","Euro","0.1698",""
"2021S1","France","Electrical energy","Band IB : 20 MWh < Consumption < 500 MWh","Kilowatt-hour","All taxes and levies included","Euro","0.1718",""
"2021S1","Croatia","Electrical energy","Band IB : 20 MWh < Consumption < 500 MWh","Kilowatt-hour","All taxes and levies included","Euro","0.1361",""
"2021S1","Italy","Electrical energy","Band IB : 20 MWh < Consumption < 500 MWh","Kilowatt-hour","All taxes and levies included","Euro","0.2133",""
"2021S1","Cyprus","Electrical energy","Band IB : 20 MWh < Consumption < 500 MWh","Kilowatt-hour","All taxes and levies included","Euro","0.1904",""
"2021S1","Latvia","Electrical energy","Band IB : 20 MWh < Consumption < 500 MWh","Kilowatt-hour","All taxes and levies included","Euro","0.1519",""
"2021S1","Lithuania","Electrical energy","Band IB : 20 MWh < Consumption < 500 MWh","Kilowatt-hour","All taxes and levies included","Euro","0.1421",""
"2021S1","Luxembourg","Electrical energy","Band IB : 20 MWh < Consumption < 500 MWh","Kilowatt-hour","All taxes and levies included","Euro","0.1290",""
"2021S1","Hungary","Electrical energy","Band IB : 20 MWh < Consumption < 500 MWh","Kilowatt-hour","All taxes and levies included","Euro","0.1367",""
"2021S1","Malta","Electrical energy","Band IB : 20 MWh < Consumption < 500 MWh","Kilowatt-hour","All taxes and levies included","Euro","0.1590",""
"2021S1","Netherlands","Electrical energy","Band IB : 20 MWh < Consumption < 500 MWh","Kilowatt-hour","All taxes and levies included","Euro","0.1854",""
"2021S1","Austria","Electrical energy","Band IB : 20 MWh < Consumption < 500 MWh","Kilowatt-hour","All taxes and levies included","Euro","0.1683",""
"2021S1","Poland","Electrical energy","Band IB : 20 MWh < Consumption < 500 MWh","Kilowatt-hour","All taxes and levies included","Euro","0.1649",""
"2021S1","Portugal","Electrical energy","Band IB : 20 MWh < Consumption < 500 MWh","Kilowatt-hour","All taxes and levies included","Euro","0.1706",""
"2021S1","Romania","Electrical energy","Band IB : 20 MWh < Consumption < 500 MWh","Kilowatt-hour","All taxes and levies included","Euro","0.1361",""
"2021S1","Slovenia","Electrical energy","Band IB : 20 MWh < Consumption < 500 MWh","Kilowatt-hour","All taxes and levies included","Euro","0.1368",""
"2021S1","Slovakia","Electrical energy","Band IB : 20 MWh < Consumption < 500 MWh","Kilowatt-hour","All taxes and levies included","Euro","0.1812",""
"2021S1","Finland","Electrical energy","Band IB : 20 MWh < Consumption < 500 MWh","Kilowatt-hour","All taxes and levies included","Euro","0.1044",""
"2021S1","Sweden","Electrical energy","Band IB : 20 MWh < Consumption < 500 MWh","Kilowatt-hour","All taxes and levies included","Euro","0.1054","e"
