time,country,indicator,value_var,value_100
2015M01,EU,HICP,-1.3,98.46
2015M01,Belgium,HICP,-2.1,97.2
2015M01,Bulgaria,HICP,-0.7,99.8
2015M01,Czechia,HICP,0.0,99.5
2015M01,Denmark,HICP,-0.6,98.9
2015M01,Germany,HICP,-1.3,98.1
2015M01,Estonia,HICP,-0.4,98.78
2015M01,Ireland,HICP,-0.7,98.7
2015M01,Greece,HICP,-1.2,98.42
2015M01,Spain,HICP,-2.2,98.04
2015M01,France,HICP,-1.1,98.7
2015M01,Croatia,HICP,-0.5,98.77
2015M01,Italy,HICP,-2.5,98.0
2015M01,Cyprus,HICP,-0.9,98.31
2015M01,Latvia,HICP,0.1,98.94
2015M01,Lithuania,HICP,-1.3,98.96
2015M01,Luxembourg,HICP,-1.1,97.69
2015M01,Hungary,HICP,-0.2,98.56
2015M01,Malta,HICP,-1.1,96.29
2015M01,Netherlands,HICP,-1.2,97.82
2015M01,Austria,HICP,-1.4,98.48
2015M01,Poland,HICP,-0.3,99.7
2015M01,Portugal,HICP,-1.5,98.09
2015M01,Romania,HICP,0.3,100.46
2015M01,Slovenia,HICP,-1.2,99.08
2015M01,Slovakia,HICP,-0.1,99.87
2015M01,Finland,HICP,-0.7,99.49
2015M01,Sweden,HICP,-1.1,98.71
2015M02,EU,HICP,0.5,99.0
2015M02,Belgium,HICP,2.4,99.56
2015M02,Bulgaria,HICP,0.1,99.86
2015M02,Czechia,HICP,0.1,99.6
2015M02,Denmark,HICP,0.8,99.7
2015M02,Germany,HICP,0.9,99.0
2015M02,Estonia,HICP,0.5,99.3
2015M02,Ireland,HICP,0.6,99.3
2015M02,Greece,HICP,-0.2,98.21
2015M02,Spain,HICP,0.1,98.18
2015M02,France,HICP,0.7,99.42
2015M02,Croatia,HICP,0.1,98.88
2015M02,Italy,HICP,0.2,98.2
2015M02,Cyprus,HICP,0.5,98.83
2015M02,Latvia,HICP,0.4,99.3
2015M02,Lithuania,HICP,-0.1,98.82
2015M02,Luxembourg,HICP,2.0,99.68
2015M02,Hungary,HICP,0.5,99.06
2015M02,Malta,HICP,0.5,96.75
2015M02,Netherlands,HICP,0.8,98.62
2015M02,Austria,HICP,0.3,98.75
2015M02,Poland,HICP,-0.1,99.6
2015M02,Portugal,HICP,0.0,98.11
2015M02,Romania,HICP,0.4,100.84
2015M02,Slovenia,HICP,0.2,99.24
2015M02,Slovakia,HICP,-0.2,99.68
2015M02,Finland,HICP,0.3,99.83
2015M02,Sweden,HICP,0.8,99.54
2015M03,EU,HICP,1.0,100.01
2015M03,Belgium,HICP,0.3,99.82
2015M03,Bulgaria,HICP,0.3,100.19
2015M03,Czechia,HICP,0.2,99.8
2015M03,Denmark,HICP,0.5,100.2
2015M03,Germany,HICP,0.7,99.7
2015M03,Estonia,HICP,0.7,99.95
2015M03,Ireland,HICP,0.7,100.0
2015M03,Greece,HICP,1.9,100.07
2015M03,Spain,HICP,2.0,100.15
2015M03,France,HICP,0.8,100.17
2015M03,Croatia,HICP,0.8,99.72
2015M03,Italy,HICP,2.1,100.3
2015M03,Cyprus,HICP,0.7,99.51
2015M03,Latvia,HICP,0.8,100.09
2015M03,Lithuania,HICP,0.8,99.63
2015M03,Luxembourg,HICP,0.4,100.11
2015M03,Hungary,HICP,0.6,99.7
2015M03,Malta,HICP,0.9,97.64
2015M03,Netherlands,HICP,1.3,99.88
2015M03,Austria,HICP,1.4,100.15
2015M03,Poland,HICP,0.3,99.9
2015M03,Portugal,HICP,1.9,100.01
2015M03,Romania,HICP,0.5,101.3
2015M03,Slovenia,HICP,0.9,100.1
2015M03,Slovakia,HICP,0.2,99.87
2015M03,Finland,HICP,0.4,100.2
2015M03,Sweden,HICP,0.1,99.66
2015M04,EU,HICP,0.4,100.42
2015M04,Belgium,HICP,0.3,100.11
2015M04,Bulgaria,HICP,0.5,100.66
2015M04,Czechia,HICP,0.4,100.2
2015M04,Denmark,HICP,0.2,100.4
2015M04,Germany,HICP,0.5,100.2
2015M04,Estonia,HICP,0.6,100.53
2015M04,Ireland,HICP,-0.1,99.9
2015M04,Greece,HICP,0.4,100.5
2015M04,Spain,HICP,0.7,100.83
2015M04,France,HICP,0.1,100.3
2015M04,Croatia,HICP,0.4,100.11
2015M04,Italy,HICP,0.4,100.7
2015M04,Cyprus,HICP,0.3,99.85
2015M04,Latvia,HICP,0.6,100.65
2015M04,Lithuania,HICP,0.7,100.36
2015M04,Luxembourg,HICP,0.1,100.25
2015M04,Hungary,HICP,0.4,100.1
2015M04,Malta,HICP,2.8,100.36
2015M04,Netherlands,HICP,0.8,100.71
2015M04,Austria,HICP,0.1,100.28
2015M04,Poland,HICP,0.4,100.3
2015M04,Portugal,HICP,0.4,100.4
2015M04,Romania,HICP,0.2,101.51
2015M04,Slovenia,HICP,0.1,100.2
2015M04,Slovakia,HICP,0.3,100.13
2015M04,Finland,HICP,0.0,100.22
2015M04,Sweden,HICP,0.2,99.82
2015M05,EU,HICP,0.3,100.7
2015M05,Belgium,HICP,0.3,100.43
2015M05,Bulgaria,HICP,0.0,100.7
2015M05,Czechia,HICP,0.3,100.5
2015M05,Denmark,HICP,0.0,100.4
2015M05,Germany,HICP,0.4,100.6
2015M05,Estonia,HICP,0.4,100.89
2015M05,Ireland,HICP,0.5,100.4
2015M05,Greece,HICP,-0.2,100.28
2015M05,Spain,HICP,0.4,101.27
2015M05,France,HICP,0.3,100.56
2015M05,Croatia,HICP,0.6,100.68
2015M05,Italy,HICP,0.2,100.9
2015M05,Cyprus,HICP,1.1,100.97
2015M05,Latvia,HICP,0.8,101.46
2015M05,Lithuania,HICP,0.6,100.95
2015M05,Luxembourg,HICP,0.5,100.8
2015M05,Hungary,HICP,0.7,100.81
2015M05,Malta,HICP,0.9,101.26
2015M05,Netherlands,HICP,0.3,100.97
2015M05,Austria,HICP,0.2,100.45
2015M05,Poland,HICP,0.1,100.4
2015M05,Portugal,HICP,0.5,100.93
2015M05,Romania,HICP,0.7,102.17
2015M05,Slovenia,HICP,0.7,100.87
2015M05,Slovakia,HICP,0.3,100.44
2015M05,Finland,HICP,-0.1,100.11
2015M05,Sweden,HICP,0.4,100.26
2015M06,EU,HICP,0.0,100.66
2015M06,Belgium,HICP,0.2,100.6
2015M06,Bulgaria,HICP,-0.5,100.15
2015M06,Czechia,HICP,0.2,100.7
2015M06,Denmark,HICP,-0.1,100.3
2015M06,Germany,HICP,-0.1,100.5
2015M06,Estonia,HICP,0.0,100.94
2015M06,Ireland,HICP,0.4,100.8
2015M06,Greece,HICP,0.9,101.15
2015M06,Spain,HICP,0.2,101.46
2015M06,France,HICP,-0.1,100.49
2015M06,Croatia,HICP,0.3,100.97
2015M06,Italy,HICP,0.1,101.0
2015M06,Cyprus,HICP,0.3,101.32
2015M06,Latvia,HICP,-0.1,101.35
2015M06,Lithuania,HICP,-0.2,100.77
2015M06,Luxembourg,HICP,0.2,101.02
2015M06,Hungary,HICP,0.2,100.99
2015M06,Malta,HICP,1.0,102.3
2015M06,Netherlands,HICP,-0.6,100.4
2015M06,Austria,HICP,0.0,100.4
2015M06,Poland,HICP,0.1,100.5
2015M06,Portugal,HICP,-0.1,100.82
2015M06,Romania,HICP,-2.5,99.59
2015M06,Slovenia,HICP,-0.1,100.79
2015M06,Slovakia,HICP,0.1,100.55
2015M06,Finland,HICP,0.0,100.12
2015M06,Sweden,HICP,-0.3,100.0
2015M07,EU,HICP,-0.5,100.14
2015M07,Belgium,HICP,-1.3,99.27
2015M07,Bulgaria,HICP,0.2,100.34
2015M07,Czechia,HICP,-0.2,100.5
2015M07,Denmark,HICP,-0.1,100.2
2015M07,Germany,HICP,0.4,100.9
2015M07,Estonia,HICP,-0.3,100.61
2015M07,Ireland,HICP,-0.3,100.5
2015M07,Greece,HICP,-1.2,99.96
2015M07,Spain,HICP,-1.5,99.9
2015M07,France,HICP,-0.5,100.0
2015M07,Croatia,HICP,-0.2,100.81
2015M07,Italy,HICP,-1.9,99.1
2015M07,Cyprus,HICP,-0.6,100.7
2015M07,Latvia,HICP,-1.1,100.27
2015M07,Lithuania,HICP,-0.5,100.27
2015M07,Luxembourg,HICP,-1.3,99.74
2015M07,Hungary,HICP,0.0,100.97
2015M07,Malta,HICP,0.0,102.33
2015M07,Netherlands,HICP,0.7,101.07
2015M07,Austria,HICP,-0.5,99.89
2015M07,Poland,HICP,-0.1,100.4
2015M07,Portugal,HICP,-0.7,100.15
2015M07,Romania,HICP,-0.5,99.07
2015M07,Slovenia,HICP,-0.7,100.07
2015M07,Slovakia,HICP,-0.3,100.27
2015M07,Finland,HICP,-0.3,99.82
2015M07,Sweden,HICP,0.1,100.13
2015M08,EU,HICP,-0.1,100.08
2015M08,Belgium,HICP,1.3,100.58
2015M08,Bulgaria,HICP,0.1,100.41
2015M08,Czechia,HICP,-0.3,100.2
2015M08,Denmark,HICP,-0.3,99.9
2015M08,Germany,HICP,-0.1,100.8
2015M08,Estonia,HICP,-0.2,100.41
2015M08,Ireland,HICP,0.3,100.8
2015M08,Greece,HICP,-0.2,99.75
2015M08,Spain,HICP,-0.4,99.5
2015M08,France,HICP,0.4,100.36
2015M08,Croatia,HICP,0.2,101.02
2015M08,Italy,HICP,-0.2,98.9
2015M08,Cyprus,HICP,0.7,101.37
2015M08,Latvia,HICP,-0.4,99.84
2015M08,Lithuania,HICP,-0.9,99.4
2015M08,Luxembourg,HICP,0.8,100.55
2015M08,Hungary,HICP,-0.6,100.35
2015M08,Malta,HICP,0.3,102.68
2015M08,Netherlands,HICP,-0.5,100.58
2015M08,Austria,HICP,-0.2,99.73
2015M08,Poland,HICP,-0.3,100.1
2015M08,Portugal,HICP,-0.1,100.03
2015M08,Romania,HICP,-0.6,98.45
2015M08,Slovenia,HICP,0.0,100.08
2015M08,Slovakia,HICP,-0.2,100.06
2015M08,Finland,HICP,0.1,99.87
2015M08,Sweden,HICP,-0.2,99.96
2015M09,EU,HICP,0.2,100.24
2015M09,Belgium,HICP,-0.2,100.36
2015M09,Bulgaria,HICP,-0.8,99.62
2015M09,Czechia,HICP,-0.1,100.1
2015M09,Denmark,HICP,0.3,100.2
2015M09,Germany,HICP,-0.3,100.5
2015M09,Estonia,HICP,-0.6,99.82
2015M09,Ireland,HICP,-0.5,100.3
2015M09,Greece,HICP,1.2,100.94
2015M09,Spain,HICP,0.4,99.9
2015M09,France,HICP,-0.4,99.99
2015M09,Croatia,HICP,-0.6,100.38
2015M09,Italy,HICP,1.7,100.6
2015M09,Cyprus,HICP,-0.6,100.73
2015M09,Latvia,HICP,-0.2,99.62
2015M09,Lithuania,HICP,0.6,100.01
2015M09,Luxembourg,HICP,-0.3,100.27
2015M09,Hungary,HICP,-0.6,99.76
2015M09,Malta,HICP,-0.8,101.85
2015M09,Netherlands,HICP,-0.2,100.4
2015M09,Austria,HICP,0.5,100.25
2015M09,Poland,HICP,-0.3,99.8
2015M09,Portugal,HICP,0.7,100.78
2015M09,Romania,HICP,0.3,98.73
2015M09,Slovenia,HICP,-0.1,99.95
2015M09,Slovakia,HICP,-0.2,99.82
2015M09,Finland,HICP,0.2,100.02
2015M09,Sweden,HICP,0.5,100.45
2015M10,EU,HICP,0.1,100.35
2015M10,Belgium,HICP,0.3,100.62
2015M10,Bulgaria,HICP,-0.2,99.46
2015M10,Czechia,HICP,-0.1,100.0
2015M10,Denmark,HICP,-0.1,100.1
2015M10,Germany,HICP,0.0,100.5
2015M10,Estonia,HICP,0.2,100.05
2015M10,Ireland,HICP,-0.3,100.0
2015M10,Greece,HICP,-0.2,100.75
2015M10,Spain,HICP,0.3,100.21
2015M10,France,HICP,0.1,100.07
2015M10,Croatia,HICP,-0.2,100.13
2015M10,Italy,HICP,0.4,101.0
2015M10,Cyprus,HICP,-0.2,100.48
2015M10,Latvia,HICP,0.0,99.64
2015M10,Lithuania,HICP,0.5,100.5
2015M10,Luxembourg,HICP,-0.2,100.05
2015M10,Hungary,HICP,0.3,100.02
2015M10,Malta,HICP,-0.6,101.23
2015M10,Netherlands,HICP,0.0,100.4
2015M10,Austria,HICP,0.1,100.35
2015M10,Poland,HICP,0.1,99.9
2015M10,Portugal,HICP,-0.1,100.63
2015M10,Romania,HICP,0.3,99.03
2015M10,Slovenia,HICP,0.0,99.92
2015M10,Slovakia,HICP,0.1,99.9
2015M10,Finland,HICP,0.2,100.19
2015M10,Sweden,HICP,0.1,100.55
2015M11,EU,HICP,-0.4,99.97
2015M11,Belgium,HICP,0.1,100.7
2015M11,Bulgaria,HICP,-0.3,99.19
2015M11,Czechia,HICP,-0.4,99.6
2015M11,Denmark,HICP,-0.2,99.9
2015M11,Germany,HICP,-1.0,99.5
2015M11,Estonia,HICP,-0.3,99.71
2015M11,Ireland,HICP,-0.3,99.7
2015M11,Greece,HICP,-0.7,100.01
2015M11,Spain,HICP,0.3,100.47
2015M11,France,HICP,-0.2,99.86
2015M11,Croatia,HICP,-0.6,99.55
2015M11,Italy,HICP,-0.4,100.6
2015M11,Cyprus,HICP,-1.2,99.25
2015M11,Latvia,HICP,-0.1,99.57
2015M11,Lithuania,HICP,-0.1,100.35
2015M11,Luxembourg,HICP,0.1,100.19
2015M11,Hungary,HICP,0.0,100.0
2015M11,Malta,HICP,-2.5,98.74
2015M11,Netherlands,HICP,-0.8,99.64
2015M11,Austria,HICP,0.0,100.32
2015M11,Poland,HICP,-0.1,99.8
2015M11,Portugal,HICP,-0.4,100.19
2015M11,Romania,HICP,0.3,99.34
2015M11,Slovenia,HICP,0.1,100.02
2015M11,Slovakia,HICP,0.0,99.88
2015M11,Finland,HICP,0.0,100.15
2015M11,Sweden,HICP,-0.2,100.38
2015M12,EU,HICP,0.0,99.97
2015M12,Belgium,HICP,0.0,100.74
2015M12,Bulgaria,HICP,0.4,99.6
2015M12,Czechia,HICP,-0.2,99.4
2015M12,Denmark,HICP,-0.1,99.8
2015M12,Germany,HICP,0.1,99.6
2015M12,Estonia,HICP,-0.7,99.01
2015M12,Ireland,HICP,-0.1,99.6
2015M12,Greece,HICP,0.0,99.98
2015M12,Spain,HICP,-0.4,100.09
2015M12,France,HICP,0.2,100.09
2015M12,Croatia,HICP,-0.6,98.99
2015M12,Italy,HICP,0.0,100.6
2015M12,Cyprus,HICP,-0.6,98.67
2015M12,Latvia,HICP,-0.3,99.29
2015M12,Lithuania,HICP,-0.4,99.98
2015M12,Luxembourg,HICP,-0.5,99.66
2015M12,Hungary,HICP,-0.3,99.66
2015M12,Malta,HICP,-0.1,98.6
2015M12,Netherlands,HICP,-0.1,99.53
2015M12,Austria,HICP,0.6,100.95
2015M12,Poland,HICP,-0.2,99.6
2015M12,Portugal,HICP,-0.3,99.86
2015M12,Romania,HICP,0.2,99.5
2015M12,Slovenia,HICP,-0.3,99.67
2015M12,Slovakia,HICP,-0.4,99.53
2015M12,Finland,HICP,-0.2,99.98
2015M12,Sweden,HICP,0.2,100.54
2016M01,EU,HICP,-1.3,98.71
2016M01,Belgium,HICP,-1.7,98.99
2016M01,Bulgaria,HICP,-0.2,99.4
2016M01,Czechia,HICP,0.6,100.0
2016M01,Denmark,HICP,-0.5,99.3
2016M01,Germany,HICP,-1.1,98.5
2016M01,Estonia,HICP,-0.2,98.85
2016M01,Ireland,HICP,-0.9,98.7
2016M01,Greece,HICP,-1.7,98.3
2016M01,Spain,HICP,-2.5,97.63
2016M01,France,HICP,-1.1,99.02
2016M01,Croatia,HICP,-0.4,98.6
2016M01,Italy,HICP,-2.2,98.4
2016M01,Cyprus,HICP,-1.4,97.25
2016M01,Latvia,HICP,-0.7,98.63
2016M01,Lithuania,HICP,-0.4,99.62
2016M01,Luxembourg,HICP,-1.5,98.13
2016M01,Hungary,HICP,-0.1,99.52
2016M01,Malta,HICP,-1.6,97.07
2016M01,Netherlands,HICP,-1.5,98.03
2016M01,Austria,HICP,-1.1,99.85
2016M01,Poland,HICP,-0.2,99.4
2016M01,Portugal,HICP,-1.1,98.78
2016M01,Romania,HICP,-0.6,98.95
2016M01,Slovenia,HICP,-1.4,98.32
2016M01,Slovakia,HICP,-0.3,99.24
2016M01,Finland,HICP,-0.5,99.52
2016M01,Sweden,HICP,-0.6,99.96
2016M02,EU,HICP,0.1,98.85
2016M02,Belgium,HICP,1.7,100.67
2016M02,Bulgaria,HICP,-0.5,98.89
2016M02,Czechia,HICP,0.1,100.1
2016M02,Denmark,HICP,0.5,99.8
2016M02,Germany,HICP,0.4,98.9
2016M02,Estonia,HICP,0.8,99.65
2016M02,Ireland,HICP,0.4,99.1
2016M02,Greece,HICP,0.0,98.28
2016M02,Spain,HICP,-0.4,97.21
2016M02,France,HICP,0.3,99.31
2016M02,Croatia,HICP,-0.3,98.32
2016M02,Italy,HICP,-0.4,98.0
2016M02,Cyprus,HICP,-0.6,96.65
2016M02,Latvia,HICP,0.1,98.72
2016M02,Lithuania,HICP,-0.3,99.35
2016M02,Luxembourg,HICP,1.3,99.37
2016M02,Hungary,HICP,-0.1,99.38
2016M02,Malta,HICP,0.6,97.69
2016M02,Netherlands,HICP,0.9,98.94
2016M02,Austria,HICP,-0.1,99.76
2016M02,Poland,HICP,0.0,99.4
2016M02,Portugal,HICP,-0.5,98.28
2016M02,Romania,HICP,-0.3,98.69
2016M02,Slovenia,HICP,0.0,98.36
2016M02,Slovakia,HICP,0.1,99.37
2016M02,Finland,HICP,0.2,99.69
2016M02,Sweden,HICP,0.3,100.3
2016M03,EU,HICP,1.1,99.89
2016M03,Belgium,HICP,0.8,101.46
2016M03,Bulgaria,HICP,-0.6,98.28
2016M03,Czechia,HICP,0.0,100.1
2016M03,Denmark,HICP,0.1,99.9
2016M03,Germany,HICP,0.9,99.8
2016M03,Estonia,HICP,0.8,100.41
2016M03,Ireland,HICP,0.3,99.4
2016M03,Greece,HICP,1.1,99.4
2016M03,Spain,HICP,2.0,99.16
2016M03,France,HICP,0.8,100.09
2016M03,Croatia,HICP,0.5,98.82
2016M03,Italy,HICP,2.1,100.1
2016M03,Cyprus,HICP,0.7,97.37
2016M03,Latvia,HICP,0.8,99.47
2016M03,Lithuania,HICP,1.1,100.41
2016M03,Luxembourg,HICP,0.1,99.49
2016M03,Hungary,HICP,0.2,99.53
2016M03,Malta,HICP,1.0,98.64
2016M03,Netherlands,HICP,1.5,100.4
2016M03,Austria,HICP,1.1,100.82
2016M03,Poland,HICP,0.1,99.5
2016M03,Portugal,HICP,2.2,100.48
2016M03,Romania,HICP,0.2,98.85
2016M03,Slovenia,HICP,0.8,99.16
2016M03,Slovakia,HICP,0.0,99.38
2016M03,Finland,HICP,0.5,100.18
2016M03,Sweden,HICP,0.5,100.85
2016M04,EU,HICP,0.2,100.12
2016M04,Belgium,HICP,0.2,101.65
2016M04,Bulgaria,HICP,-0.2,98.12
2016M04,Czechia,HICP,0.6,100.7
2016M04,Denmark,HICP,0.2,100.1
2016M04,Germany,HICP,0.1,99.9
2016M04,Estonia,HICP,0.1,100.49
2016M04,Ireland,HICP,0.3,99.7
2016M04,Greece,HICP,0.7,100.07
2016M04,Spain,HICP,0.5,99.65
2016M04,France,HICP,0.1,100.18
2016M04,Croatia,HICP,0.4,99.23
2016M04,Italy,HICP,0.2,100.3
2016M04,Cyprus,HICP,0.4,97.74
2016M04,Latvia,HICP,0.4,99.91
2016M04,Lithuania,HICP,0.7,101.13
2016M04,Luxembourg,HICP,0.2,99.64
2016M04,Hungary,HICP,0.8,100.37
2016M04,Malta,HICP,2.6,101.19
2016M04,Netherlands,HICP,0.1,100.51
2016M04,Austria,HICP,0.1,100.93
2016M04,Poland,HICP,0.3,99.8
2016M04,Portugal,HICP,0.4,100.93
2016M04,Romania,HICP,0.0,98.82
2016M04,Slovenia,HICP,0.3,99.5
2016M04,Slovakia,HICP,0.4,99.74
2016M04,Finland,HICP,0.3,100.49
2016M04,Sweden,HICP,0.0,100.86
2016M05,EU,HICP,0.4,100.49
2016M05,Belgium,HICP,0.4,102.04
2016M05,Bulgaria,HICP,0.0,98.14
2016M05,Czechia,HICP,-0.2,100.5
2016M05,Denmark,HICP,0.2,100.3
2016M05,Germany,HICP,0.6,100.5
2016M05,Estonia,HICP,0.4,100.88
2016M05,Ireland,HICP,0.5,100.2
2016M05,Greece,HICP,0.0,100.08
2016M05,Spain,HICP,0.5,100.17
2016M05,France,HICP,0.5,100.65
2016M05,Croatia,HICP,0.3,99.49
2016M05,Italy,HICP,0.3,100.6
2016M05,Cyprus,HICP,1.3,99.03
2016M05,Latvia,HICP,0.7,100.65
2016M05,Lithuania,HICP,0.0,101.14
2016M05,Luxembourg,HICP,0.5,100.17
2016M05,Hungary,HICP,0.3,100.66
2016M05,Malta,HICP,1.0,102.24
2016M05,Netherlands,HICP,0.2,100.75
2016M05,Austria,HICP,0.1,101.04
2016M05,Poland,HICP,0.2,100.0
2016M05,Portugal,HICP,0.4,101.33
2016M05,Romania,HICP,0.3,99.15
2016M05,Slovenia,HICP,0.8,100.33
2016M05,Slovakia,HICP,-0.1,99.69
2016M05,Finland,HICP,-0.1,100.4
2016M05,Sweden,HICP,0.2,101.08
2016M06,EU,HICP,0.2,100.66
2016M06,Belgium,HICP,0.4,102.4
2016M06,Bulgaria,HICP,0.1,98.27
2016M06,Czechia,HICP,0.1,100.6
2016M06,Denmark,HICP,0.1,100.4
2016M06,Germany,HICP,0.1,100.6
2016M06,Estonia,HICP,0.5,101.37
2016M06,Ireland,HICP,0.7,100.9
2016M06,Greece,HICP,1.3,101.38
2016M06,Spain,HICP,0.4,100.59
2016M06,France,HICP,0.1,100.8
2016M06,Croatia,HICP,0.3,99.77
2016M06,Italy,HICP,0.2,100.8
2016M06,Cyprus,HICP,0.3,99.31
2016M06,Latvia,HICP,0.1,100.71
2016M06,Lithuania,HICP,0.0,101.13
2016M06,Luxembourg,HICP,0.4,100.6
2016M06,Hungary,HICP,0.2,100.87
2016M06,Malta,HICP,1.1,103.36
2016M06,Netherlands,HICP,-0.5,100.2
2016M06,Austria,HICP,0.0,101.04
2016M06,Poland,HICP,0.1,100.1
2016M06,Portugal,HICP,0.2,101.5
2016M06,Romania,HICP,-0.2,98.94
2016M06,Slovenia,HICP,0.5,100.84
2016M06,Slovakia,HICP,0.1,99.82
2016M06,Finland,HICP,0.1,100.46
2016M06,Sweden,HICP,0.1,101.19
2016M07,EU,HICP,-0.4,100.24
2016M07,Belgium,HICP,-1.1,101.3
2016M07,Bulgaria,HICP,1.0,99.25
2016M07,Czechia,HICP,0.4,101.0
2016M07,Denmark,HICP,-0.1,100.3
2016M07,Germany,HICP,0.6,101.2
2016M07,Estonia,HICP,0.0,101.38
2016M07,Ireland,HICP,-0.3,100.6
2016M07,Greece,HICP,-1.2,100.16
2016M07,Spain,HICP,-1.3,99.25
2016M07,France,HICP,-0.4,100.39
2016M07,Croatia,HICP,-0.1,99.72
2016M07,Italy,HICP,-1.9,98.9
2016M07,Cyprus,HICP,1.0,100.3
2016M07,Latvia,HICP,-0.3,100.41
2016M07,Lithuania,HICP,-0.8,100.31
2016M07,Luxembourg,HICP,-1.3,99.33
2016M07,Hungary,HICP,-0.2,100.69
2016M07,Malta,HICP,-0.1,103.29
2016M07,Netherlands,HICP,0.3,100.5
2016M07,Austria,HICP,-0.5,100.49
2016M07,Poland,HICP,-0.3,99.8
2016M07,Portugal,HICP,-0.6,100.87
2016M07,Romania,HICP,-0.2,98.74
2016M07,Slovenia,HICP,-0.9,99.97
2016M07,Slovakia,HICP,-0.4,99.41
2016M07,Finland,HICP,-0.1,100.31
2016M07,Sweden,HICP,0.1,101.27
2016M08,EU,HICP,0.0,100.25
2016M08,Belgium,HICP,1.3,102.59
2016M08,Bulgaria,HICP,0.0,99.29
2016M08,Czechia,HICP,-0.2,100.8
2016M08,Denmark,HICP,-0.4,99.9
2016M08,Germany,HICP,-0.1,101.1
2016M08,Estonia,HICP,0.1,101.52
2016M08,Ireland,HICP,-0.2,100.4
2016M08,Greece,HICP,0.0,100.18
2016M08,Spain,HICP,0.0,99.21
2016M08,France,HICP,0.3,100.74
2016M08,Croatia,HICP,-0.2,99.55
2016M08,Italy,HICP,-0.1,98.8
2016M08,Cyprus,HICP,0.4,100.74
2016M08,Latvia,HICP,-0.7,99.74
2016M08,Lithuania,HICP,-0.4,99.86
2016M08,Luxembourg,HICP,1.0,100.32
2016M08,Hungary,HICP,-0.4,100.28
2016M08,Malta,HICP,0.4,103.72
2016M08,Netherlands,HICP,0.2,100.67
2016M08,Austria,HICP,-0.2,100.33
2016M08,Poland,HICP,-0.2,99.6
2016M08,Portugal,HICP,0.0,100.83
2016M08,Romania,HICP,0.0,98.74
2016M08,Slovenia,HICP,-0.1,99.9
2016M08,Slovakia,HICP,-0.1,99.27
2016M08,Finland,HICP,0.0,100.35
2016M08,Sweden,HICP,-0.1,101.13
2016M09,EU,HICP,0.3,100.56
2016M09,Belgium,HICP,-0.4,102.15
2016M09,Bulgaria,HICP,-0.7,98.55
2016M09,Czechia,HICP,-0.2,100.6
2016M09,Denmark,HICP,0.0,99.9
2016M09,Germany,HICP,0.0,101.1
2016M09,Estonia,HICP,0.0,101.56
2016M09,Ireland,HICP,-0.4,100.0
2016M09,Greece,HICP,0.7,100.88
2016M09,Spain,HICP,0.7,99.93
2016M09,France,HICP,-0.2,100.5
2016M09,Croatia,HICP,0.2,99.7
2016M09,Italy,HICP,1.9,100.7
2016M09,Cyprus,HICP,-0.4,100.32
2016M09,Latvia,HICP,0.4,100.09
2016M09,Lithuania,HICP,0.8,100.63
2016M09,Luxembourg,HICP,0.3,100.59
2016M09,Hungary,HICP,0.2,100.45
2016M09,Malta,HICP,-0.9,102.8
2016M09,Netherlands,HICP,-0.4,100.31
2016M09,Austria,HICP,1.0,101.33
2016M09,Poland,HICP,0.0,99.6
2016M09,Portugal,HICP,0.7,101.49
2016M09,Romania,HICP,-0.2,98.59
2016M09,Slovenia,HICP,0.3,100.18
2016M09,Slovakia,HICP,0.0,99.3
2016M09,Finland,HICP,0.2,100.57
2016M09,Sweden,HICP,0.2,101.29
2016M10,EU,HICP,0.3,100.82
2016M10,Belgium,HICP,0.4,102.56
2016M10,Bulgaria,HICP,-0.1,98.46
2016M10,Czechia,HICP,0.2,100.8
2016M10,Denmark,HICP,0.3,100.2
2016M10,Germany,HICP,0.1,101.2
2016M10,Estonia,HICP,-0.5,101.09
2016M10,Ireland,HICP,-0.4,99.6
2016M10,Greece,HICP,0.4,101.33
2016M10,Spain,HICP,0.8,100.71
2016M10,France,HICP,0.0,100.54
2016M10,Croatia,HICP,0.1,99.84
2016M10,Italy,HICP,0.2,100.9
2016M10,Cyprus,HICP,-0.9,99.46
2016M10,Latvia,HICP,0.6,100.71
2016M10,Lithuania,HICP,0.5,101.16
2016M10,Luxembourg,HICP,0.2,100.77
2016M10,Hungary,HICP,0.6,101.1
2016M10,Malta,HICP,-1.0,101.78
2016M10,Netherlands,HICP,0.4,100.67
2016M10,Austria,HICP,0.4,101.72
2016M10,Poland,HICP,0.4,100.0
2016M10,Portugal,HICP,0.2,101.69
2016M10,Romania,HICP,0.5,99.09
2016M10,Slovenia,HICP,0.4,100.61
2016M10,Slovakia,HICP,0.3,99.58
2016M10,Finland,HICP,0.2,100.82
2016M10,Sweden,HICP,0.4,101.69
2016M11,EU,HICP,-0.3,100.53
2016M11,Belgium,HICP,-0.1,102.46
2016M11,Bulgaria,HICP,-0.1,98.36
2016M11,Czechia,HICP,0.4,101.2
2016M11,Denmark,HICP,-0.2,100.0
2016M11,Germany,HICP,-0.9,100.3
2016M11,Estonia,HICP,0.0,101.06
2016M11,Ireland,HICP,-0.1,99.5
2016M11,Greece,HICP,-1.5,99.85
2016M11,Spain,HICP,0.2,100.95
2016M11,France,HICP,0.0,100.55
2016M11,Croatia,HICP,-0.1,99.72
2016M11,Italy,HICP,-0.2,100.7
2016M11,Cyprus,HICP,-1.0,98.48
2016M11,Latvia,HICP,0.1,100.79
2016M11,Lithuania,HICP,0.3,101.46
2016M11,Luxembourg,HICP,0.0,100.82
2016M11,Hungary,HICP,0.0,101.06
2016M11,Malta,HICP,-2.2,99.5
2016M11,Netherlands,HICP,-0.6,100.02
2016M11,Austria,HICP,0.1,101.79
2016M11,Poland,HICP,0.0,100.0
2016M11,Portugal,HICP,-1.0,100.71
2016M11,Romania,HICP,0.0,99.13
2016M11,Slovenia,HICP,0.1,100.69
2016M11,Slovakia,HICP,0.1,99.67
2016M11,Finland,HICP,0.0,100.8
2016M11,Sweden,HICP,0.0,101.73
2016M12,EU,HICP,0.5,101.04
2016M12,Belgium,HICP,0.5,102.96
2016M12,Bulgaria,HICP,0.8,99.1
2016M12,Czechia,HICP,0.3,101.5
2016M12,Denmark,HICP,0.1,100.1
2016M12,Germany,HICP,0.9,101.2
2016M12,Estonia,HICP,0.3,101.34
2016M12,Ireland,HICP,-0.1,99.4
2016M12,Greece,HICP,0.4,100.27
2016M12,Spain,HICP,0.5,101.5
2016M12,France,HICP,0.3,100.9
2016M12,Croatia,HICP,0.0,99.69
2016M12,Italy,HICP,0.4,101.1
2016M12,Cyprus,HICP,0.3,98.73
2016M12,Latvia,HICP,0.6,101.38
2016M12,Lithuania,HICP,0.5,101.94
2016M12,Luxembourg,HICP,0.4,101.24
2016M12,Hungary,HICP,0.4,101.46
2016M12,Malta,HICP,0.1,99.55
2016M12,Netherlands,HICP,0.2,100.27
2016M12,Austria,HICP,0.7,102.55
2016M12,Poland,HICP,0.5,100.5
2016M12,Portugal,HICP,0.0,100.74
2016M12,Romania,HICP,0.3,99.41
2016M12,Slovenia,HICP,-0.4,100.29
2016M12,Slovakia,HICP,0.1,99.75
2016M12,Finland,HICP,0.3,101.08
2016M12,Sweden,HICP,0.5,102.28
2017M01,EU,HICP,-0.7,100.35
2017M01,Belgium,HICP,-0.9,102.03
2017M01,Bulgaria,HICP,0.7,99.77
2017M01,Czechia,HICP,0.8,102.3
2017M01,Denmark,HICP,-0.1,100.0
2017M01,Germany,HICP,-1.0,100.2
2017M01,Estonia,HICP,0.3,101.61
2017M01,Ireland,HICP,-0.5,98.9
2017M01,Greece,HICP,-0.5,99.79
2017M01,Spain,HICP,-1.0,100.5
2017M01,France,HICP,-0.3,100.57
2017M01,Croatia,HICP,-0.2,99.51
2017M01,Italy,HICP,-1.7,99.4
2017M01,Cyprus,HICP,-0.8,97.92
2017M01,Latvia,HICP,0.1,101.45
2017M01,Lithuania,HICP,0.2,102.15
2017M01,Luxembourg,HICP,-0.6,100.59
2017M01,Hungary,HICP,0.4,101.87
2017M01,Malta,HICP,-1.1,98.47
2017M01,Netherlands,HICP,-0.6,99.64
2017M01,Austria,HICP,-0.6,101.91
2017M01,Poland,HICP,0.3,100.8
2017M01,Portugal,HICP,-0.7,100.05
2017M01,Romania,HICP,-0.1,99.28
2017M01,Slovenia,HICP,-0.4,99.84
2017M01,Slovakia,HICP,0.3,100.02
2017M01,Finland,HICP,-0.7,100.41
2017M01,Sweden,HICP,-0.8,101.5
2017M02,EU,HICP,0.4,100.75
2017M02,Belgium,HICP,1.9,104.0
2017M02,Bulgaria,HICP,0.0,99.8
2017M02,Czechia,HICP,0.4,102.7
2017M02,Denmark,HICP,0.7,100.7
2017M02,Germany,HICP,0.8,101.0
2017M02,Estonia,HICP,1.4,103.08
2017M02,Ireland,HICP,0.5,99.4
2017M02,Greece,HICP,-0.1,99.69
2017M02,Spain,HICP,-0.3,100.16
2017M02,France,HICP,0.2,100.73
2017M02,Croatia,HICP,0.2,99.7
2017M02,Italy,HICP,0.2,99.6
2017M02,Cyprus,HICP,0.1,97.99
2017M02,Latvia,HICP,0.4,101.86
2017M02,Lithuania,HICP,0.3,102.49
2017M02,Luxembourg,HICP,1.5,102.05
2017M02,Hungary,HICP,0.3,102.22
2017M02,Malta,HICP,0.4,98.87
2017M02,Netherlands,HICP,0.9,100.58
2017M02,Austria,HICP,0.2,102.13
2017M02,Poland,HICP,0.5,101.3
2017M02,Portugal,HICP,-0.2,99.85
2017M02,Romania,HICP,-0.1,99.18
2017M02,Slovenia,HICP,1.0,100.79
2017M02,Slovakia,HICP,0.5,100.55
2017M02,Finland,HICP,0.7,101.12
2017M02,Sweden,HICP,0.7,102.25
2017M03,EU,HICP,0.7,101.43
2017M03,Belgium,HICP,0.0,103.99
2017M03,Bulgaria,HICP,-0.5,99.28
2017M03,Czechia,HICP,0.0,102.7
2017M03,Denmark,HICP,0.1,100.8
2017M03,Germany,HICP,0.3,101.3
2017M03,Estonia,HICP,0.4,103.46
2017M03,Ireland,HICP,0.6,100.0
2017M03,Greece,HICP,1.4,101.06
2017M03,Spain,HICP,1.1,101.29
2017M03,France,HICP,0.7,101.47
2017M03,Croatia,HICP,0.2,99.92
2017M03,Italy,HICP,1.9,101.5
2017M03,Cyprus,HICP,0.9,98.83
2017M03,Latvia,HICP,0.9,102.74
2017M03,Lithuania,HICP,1.1,103.58
2017M03,Luxembourg,HICP,-0.1,101.98
2017M03,Hungary,HICP,0.0,102.21
2017M03,Malta,HICP,0.9,99.78
2017M03,Netherlands,HICP,0.4,101.03
2017M03,Austria,HICP,0.8,102.94
2017M03,Poland,HICP,0.0,101.3
2017M03,Portugal,HICP,2.0,101.86
2017M03,Romania,HICP,0.1,99.25
2017M03,Slovenia,HICP,0.3,101.14
2017M03,Slovakia,HICP,-0.1,100.42
2017M03,Finland,HICP,0.0,101.1
2017M03,Sweden,HICP,0.0,102.25
2017M04,EU,HICP,0.5,101.97
2017M04,Belgium,HICP,0.3,104.35
2017M04,Bulgaria,HICP,0.5,99.74
2017M04,Czechia,HICP,0.1,102.8
2017M04,Denmark,HICP,0.3,101.1
2017M04,Germany,HICP,0.6,101.9
2017M04,Estonia,HICP,0.6,104.06
2017M04,Ireland,HICP,0.4,100.4
2017M04,Greece,HICP,0.7,101.72
2017M04,Spain,HICP,0.9,102.21
2017M04,France,HICP,0.1,101.57
2017M04,Croatia,HICP,0.7,100.6
2017M04,Italy,HICP,0.8,102.3
2017M04,Cyprus,HICP,1.0,99.78
2017M04,Latvia,HICP,0.4,103.19
2017M04,Lithuania,HICP,1.0,104.64
2017M04,Luxembourg,HICP,0.2,102.23
2017M04,Hungary,HICP,0.4,102.63
2017M04,Malta,HICP,2.6,102.35
2017M04,Netherlands,HICP,0.9,101.94
2017M04,Austria,HICP,0.3,103.27
2017M04,Poland,HICP,0.3,101.6
2017M04,Portugal,HICP,1.5,103.35
2017M04,Romania,HICP,0.2,99.46
2017M04,Slovenia,HICP,0.0,101.18
2017M04,Slovakia,HICP,0.1,100.56
2017M04,Finland,HICP,0.4,101.5
2017M04,Sweden,HICP,0.6,102.84
2017M05,EU,HICP,-0.1,101.9
2017M05,Belgium,HICP,-0.3,104.02
2017M05,Bulgaria,HICP,-0.2,99.52
2017M05,Czechia,HICP,0.2,103.0
2017M05,Denmark,HICP,-0.1,101.0
2017M05,Germany,HICP,-0.1,101.8
2017M05,Estonia,HICP,0.3,104.41
2017M05,Ireland,HICP,-0.2,100.2
2017M05,Greece,HICP,-0.2,101.56
2017M05,Spain,HICP,0.0,102.16
2017M05,France,HICP,0.0,101.59
2017M05,Croatia,HICP,-0.1,100.45
2017M05,Italy,HICP,-0.1,102.2
2017M05,Cyprus,HICP,0.1,99.92
2017M05,Latvia,HICP,0.2,103.39
2017M05,Lithuania,HICP,-0.2,104.42
2017M05,Luxembourg,HICP,-0.1,102.11
2017M05,Hungary,HICP,0.2,102.79
2017M05,Malta,HICP,1.0,103.39
2017M05,Netherlands,HICP,-0.4,101.49
2017M05,Austria,HICP,-0.1,103.21
2017M05,Poland,HICP,-0.1,101.5
2017M05,Portugal,HICP,-0.3,103.08
2017M05,Romania,HICP,0.2,99.68
2017M05,Slovenia,HICP,0.7,101.86
2017M05,Slovakia,HICP,0.3,100.82
2017M05,Finland,HICP,-0.2,101.32
2017M05,Sweden,HICP,0.0,102.89
2017M06,EU,HICP,0.1,101.97
2017M06,Belgium,HICP,-0.1,103.95
2017M06,Bulgaria,HICP,-0.2,99.35
2017M06,Czechia,HICP,0.0,103.0
2017M06,Denmark,HICP,-0.2,100.8
2017M06,Germany,HICP,0.5,102.3
2017M06,Estonia,HICP,0.1,104.55
2017M06,Ireland,HICP,0.1,100.3
2017M06,Greece,HICP,0.7,102.3
2017M06,Spain,HICP,0.1,102.22
2017M06,France,HICP,0.0,101.58
2017M06,Croatia,HICP,0.4,100.86
2017M06,Italy,HICP,-0.2,102.0
2017M06,Cyprus,HICP,0.3,100.19
2017M06,Latvia,HICP,0.4,103.82
2017M06,Lithuania,HICP,0.2,104.66
2017M06,Luxembourg,HICP,0.0,102.09
2017M06,Hungary,HICP,0.1,102.85
2017M06,Malta,HICP,1.0,104.44
2017M06,Netherlands,HICP,-0.3,101.17
2017M06,Austria,HICP,-0.1,103.06
2017M06,Poland,HICP,-0.1,101.4
2017M06,Portugal,HICP,-0.5,102.53
2017M06,Romania,HICP,-0.1,99.61
2017M06,Slovenia,HICP,-0.1,101.76
2017M06,Slovakia,HICP,0.0,100.82
2017M06,Finland,HICP,0.0,101.34
2017M06,Sweden,HICP,0.1,103.0
2017M07,EU,HICP,-0.4,101.61
2017M07,Belgium,HICP,-0.8,103.13
2017M07,Bulgaria,HICP,0.5,99.85
2017M07,Czechia,HICP,0.4,103.4
2017M07,Denmark,HICP,1.0,101.8
2017M07,Germany,HICP,0.6,102.9
2017M07,Estonia,HICP,0.8,105.36
2017M07,Ireland,HICP,0.1,100.4
2017M07,Greece,HICP,-1.2,101.08
2017M07,Spain,HICP,-1.2,100.98
2017M07,France,HICP,-0.4,101.17
2017M07,Croatia,HICP,0.1,100.95
2017M07,Italy,HICP,-1.9,100.1
2017M07,Cyprus,HICP,0.0,100.24
2017M07,Latvia,HICP,-0.8,103.0
2017M07,Lithuania,HICP,-0.2,104.46
2017M07,Luxembourg,HICP,-0.9,101.13
2017M07,Hungary,HICP,0.1,102.92
2017M07,Malta,HICP,0.1,104.57
2017M07,Netherlands,HICP,0.8,102.0
2017M07,Austria,HICP,-0.6,102.47
2017M07,Poland,HICP,-0.2,101.2
2017M07,Portugal,HICP,-0.6,101.89
2017M07,Romania,HICP,0.0,99.61
2017M07,Slovenia,HICP,-0.6,101.14
2017M07,Slovakia,HICP,0.0,100.87
2017M07,Finland,HICP,-0.4,100.94
2017M07,Sweden,HICP,0.6,103.59
2017M08,EU,HICP,0.2,101.81
2017M08,Belgium,HICP,1.5,104.64
2017M08,Bulgaria,HICP,0.2,100.03
2017M08,Czechia,HICP,-0.2,103.2
2017M08,Denmark,HICP,-0.4,101.4
2017M08,Germany,HICP,0.1,103.0
2017M08,Estonia,HICP,0.4,105.8
2017M08,Ireland,HICP,0.4,100.8
2017M08,Greece,HICP,-0.3,100.77
2017M08,Spain,HICP,0.2,101.15
2017M08,France,HICP,0.6,101.74
2017M08,Croatia,HICP,0.0,101.0
2017M08,Italy,HICP,0.1,100.2
2017M08,Cyprus,HICP,1.0,101.22
2017M08,Latvia,HICP,-0.1,102.9
2017M08,Lithuania,HICP,0.0,104.45
2017M08,Luxembourg,HICP,1.4,102.58
2017M08,Hungary,HICP,0.0,102.95
2017M08,Malta,HICP,0.4,105.0
2017M08,Netherlands,HICP,0.2,102.18
2017M08,Austria,HICP,0.0,102.46
2017M08,Poland,HICP,-0.2,101.0
2017M08,Portugal,HICP,0.2,102.12
2017M08,Romania,HICP,-0.3,99.36
2017M08,Slovenia,HICP,0.1,101.27
2017M08,Slovakia,HICP,0.0,100.88
2017M08,Finland,HICP,0.2,101.12
2017M08,Sweden,HICP,-0.2,103.37
2017M09,EU,HICP,0.4,102.17
2017M09,Belgium,HICP,-0.5,104.15
2017M09,Bulgaria,HICP,-0.2,99.81
2017M09,Czechia,HICP,-0.1,103.1
2017M09,Denmark,HICP,0.1,101.5
2017M09,Germany,HICP,0.0,103.0
2017M09,Estonia,HICP,-0.2,105.56
2017M09,Ireland,HICP,-0.6,100.2
2017M09,Greece,HICP,1.2,101.93
2017M09,Spain,HICP,0.6,101.77
2017M09,France,HICP,-0.2,101.58
2017M09,Croatia,HICP,0.3,101.32
2017M09,Italy,HICP,1.8,102.0
2017M09,Cyprus,HICP,-0.8,100.45
2017M09,Latvia,HICP,0.2,103.07
2017M09,Lithuania,HICP,0.8,105.28
2017M09,Luxembourg,HICP,0.0,102.61
2017M09,Hungary,HICP,0.1,103.01
2017M09,Malta,HICP,-0.9,104.05
2017M09,Netherlands,HICP,-0.4,101.75
2017M09,Austria,HICP,1.4,103.9
2017M09,Poland,HICP,0.2,101.2
2017M09,Portugal,HICP,1.0,103.15
2017M09,Romania,HICP,0.6,99.92
2017M09,Slovenia,HICP,0.3,101.6
2017M09,Slovakia,HICP,0.2,101.05
2017M09,Finland,HICP,0.2,101.35
2017M09,Sweden,HICP,0.1,103.51
2017M10,EU,HICP,0.1,102.29
2017M10,Belgium,HICP,0.3,104.44
2017M10,Bulgaria,HICP,0.1,99.94
2017M10,Czechia,HICP,0.5,103.6
2017M10,Denmark,HICP,0.1,101.6
2017M10,Germany,HICP,-0.3,102.7
2017M10,Estonia,HICP,-0.4,105.16
2017M10,Ireland,HICP,-0.1,100.1
2017M10,Greece,HICP,-0.1,101.8
2017M10,Spain,HICP,0.6,102.4
2017M10,France,HICP,0.1,101.7
2017M10,Croatia,HICP,0.1,101.43
2017M10,Italy,HICP,0.0,102.0
2017M10,Cyprus,HICP,-0.6,99.84
2017M10,Latvia,HICP,0.4,103.44
2017M10,Lithuania,HICP,0.1,105.42
2017M10,Luxembourg,HICP,0.2,102.79
2017M10,Hungary,HICP,0.3,103.34
2017M10,Malta,HICP,-0.7,103.33
2017M10,Netherlands,HICP,0.2,101.97
2017M10,Austria,HICP,0.2,104.12
2017M10,Poland,HICP,0.4,101.6
2017M10,Portugal,HICP,0.5,103.64
2017M10,Romania,HICP,1.1,101.03
2017M10,Slovenia,HICP,0.3,101.87
2017M10,Slovakia,HICP,0.3,101.4
2017M10,Finland,HICP,0.0,101.32
2017M10,Sweden,HICP,-0.1,103.4
2017M11,EU,HICP,-0.1,102.17
2017M11,Belgium,HICP,0.2,104.61
2017M11,Bulgaria,HICP,0.3,100.21
2017M11,Czechia,HICP,0.1,103.7
2017M11,Denmark,HICP,-0.3,101.3
2017M11,Germany,HICP,-0.7,102.0
2017M11,Estonia,HICP,0.4,105.56
2017M11,Ireland,HICP,-0.1,100.0
2017M11,Greece,HICP,-0.9,100.9
2017M11,Spain,HICP,0.3,102.73
2017M11,France,HICP,0.1,101.8
2017M11,Croatia,HICP,-0.1,101.29
2017M11,Italy,HICP,-0.2,101.8
2017M11,Cyprus,HICP,-1.2,98.66
2017M11,Latvia,HICP,0.1,103.54
2017M11,Lithuania,HICP,0.3,105.69
2017M11,Luxembourg,HICP,0.0,102.8
2017M11,Hungary,HICP,0.3,103.66
2017M11,Malta,HICP,-2.3,100.97
2017M11,Netherlands,HICP,-0.4,101.57
2017M11,Austria,HICP,0.1,104.27
2017M11,Poland,HICP,0.4,102.0
2017M11,Portugal,HICP,-1.1,102.53
2017M11,Romania,HICP,0.6,101.68
2017M11,Slovenia,HICP,0.3,102.14
2017M11,Slovakia,HICP,0.3,101.73
2017M11,Finland,HICP,0.3,101.67
2017M11,Sweden,HICP,0.2,103.63
2017M12,EU,HICP,0.3,102.49
2017M12,Belgium,HICP,0.4,105.08
2017M12,Bulgaria,HICP,0.7,100.88
2017M12,Czechia,HICP,0.0,103.7
2017M12,Denmark,HICP,-0.4,100.9
2017M12,Germany,HICP,0.7,102.7
2017M12,Estonia,HICP,-0.4,105.15
2017M12,Ireland,HICP,-0.1,99.9
2017M12,Greece,HICP,0.3,101.24
2017M12,Spain,HICP,0.0,102.74
2017M12,France,HICP,0.4,102.16
2017M12,Croatia,HICP,-0.3,100.95
2017M12,Italy,HICP,0.3,102.1
2017M12,Cyprus,HICP,-0.3,98.32
2017M12,Latvia,HICP,0.0,103.57
2017M12,Lithuania,HICP,0.1,105.82
2017M12,Luxembourg,HICP,0.0,102.83
2017M12,Hungary,HICP,0.0,103.68
2017M12,Malta,HICP,-0.1,100.88
2017M12,Netherlands,HICP,-0.1,101.49
2017M12,Austria,HICP,0.6,104.94
2017M12,Poland,HICP,0.2,102.2
2017M12,Portugal,HICP,-0.2,102.37
2017M12,Romania,HICP,0.3,101.98
2017M12,Slovenia,HICP,0.1,102.21
2017M12,Slovakia,HICP,0.0,101.71
2017M12,Finland,HICP,-0.1,101.59
2017M12,Sweden,HICP,0.4,104.05
2018M01,EU,HICP,-0.7,101.75
2018M01,Belgium,HICP,-1.2,103.82
2018M01,Bulgaria,HICP,0.2,101.08
2018M01,Czechia,HICP,0.7,104.4
2018M01,Denmark,HICP,-0.3,100.6
2018M01,Germany,HICP,-1.0,101.7
2018M01,Estonia,HICP,0.1,105.28
2018M01,Ireland,HICP,-0.7,99.2
2018M01,Greece,HICP,-1.2,100.0
2018M01,Spain,HICP,-1.5,101.22
2018M01,France,HICP,-0.1,102.06
2018M01,Croatia,HICP,-0.2,100.75
2018M01,Italy,HICP,-1.5,100.6
2018M01,Cyprus,HICP,-1.9,96.47
2018M01,Latvia,HICP,-0.1,103.49
2018M01,Lithuania,HICP,0.0,105.87
2018M01,Luxembourg,HICP,-0.9,101.9
2018M01,Hungary,HICP,0.3,104.01
2018M01,Malta,HICP,-1.2,99.63
2018M01,Netherlands,HICP,-0.4,101.12
2018M01,Austria,HICP,-1.0,103.86
2018M01,Poland,HICP,0.2,102.4
2018M01,Portugal,HICP,-1.2,101.15
2018M01,Romania,HICP,0.7,102.66
2018M01,Slovenia,HICP,-0.6,101.56
2018M01,Slovakia,HICP,0.9,102.59
2018M01,Finland,HICP,-0.3,101.26
2018M01,Sweden,HICP,-0.9,103.1
2018M02,EU,HICP,0.2,101.94
2018M02,Belgium,HICP,1.6,105.53
2018M02,Bulgaria,HICP,0.2,101.31
2018M02,Czechia,HICP,-0.1,104.3
2018M02,Denmark,HICP,0.6,101.2
2018M02,Germany,HICP,0.5,102.2
2018M02,Estonia,HICP,1.0,106.37
2018M02,Ireland,HICP,0.9,100.1
2018M02,Greece,HICP,0.1,100.09
2018M02,Spain,HICP,0.1,101.37
2018M02,France,HICP,0.0,102.05
2018M02,Croatia,HICP,-0.1,100.62
2018M02,Italy,HICP,-0.5,100.1
2018M02,Cyprus,HICP,1.2,97.58
2018M02,Latvia,HICP,0.2,103.72
2018M02,Lithuania,HICP,-0.1,105.73
2018M02,Luxembourg,HICP,1.2,103.14
2018M02,Hungary,HICP,0.2,104.18
2018M02,Malta,HICP,0.6,100.19
2018M02,Netherlands,HICP,0.7,101.84
2018M02,Austria,HICP,0.3,104.12
2018M02,Poland,HICP,-0.4,102.0
2018M02,Portugal,HICP,-0.6,100.51
2018M02,Romania,HICP,0.2,102.91
2018M02,Slovenia,HICP,0.6,102.22
2018M02,Slovakia,HICP,0.2,102.75
2018M02,Finland,HICP,0.5,101.74
2018M02,Sweden,HICP,0.8,103.93
2018M03,EU,HICP,0.9,102.88
2018M03,Belgium,HICP,0.0,105.56
2018M03,Bulgaria,HICP,-0.2,101.13
2018M03,Czechia,HICP,0.0,104.3
2018M03,Denmark,HICP,0.0,101.2
2018M03,Germany,HICP,0.8,103.0
2018M03,Estonia,HICP,0.1,106.44
2018M03,Ireland,HICP,0.4,100.5
2018M03,Greece,HICP,1.2,101.26
2018M03,Spain,HICP,1.2,102.59
2018M03,France,HICP,1.1,103.22
2018M03,Croatia,HICP,0.5,101.09
2018M03,Italy,HICP,2.3,102.4
2018M03,Cyprus,HICP,0.9,98.43
2018M03,Latvia,HICP,1.3,105.06
2018M03,Lithuania,HICP,0.4,106.15
2018M03,Luxembourg,HICP,0.0,103.15
2018M03,Hungary,HICP,0.1,104.29
2018M03,Malta,HICP,0.9,101.11
2018M03,Netherlands,HICP,0.2,102.06
2018M03,Austria,HICP,0.9,105.05
2018M03,Poland,HICP,0.0,102.0
2018M03,Portugal,HICP,2.2,102.69
2018M03,Romania,HICP,0.3,103.23
2018M03,Slovenia,HICP,0.4,102.61
2018M03,Slovakia,HICP,0.2,102.95
2018M03,Finland,HICP,0.2,101.98
2018M03,Sweden,HICP,0.3,104.25
2018M04,EU,HICP,0.4,103.32
2018M04,Belgium,HICP,0.4,106.01
2018M04,Bulgaria,HICP,0.3,101.45
2018M04,Czechia,HICP,0.3,104.6
2018M04,Denmark,HICP,0.6,101.8
2018M04,Germany,HICP,0.2,103.2
2018M04,Estonia,HICP,0.6,107.04
2018M04,Ireland,HICP,-0.2,100.3
2018M04,Greece,HICP,1.0,102.23
2018M04,Spain,HICP,0.8,103.36
2018M04,France,HICP,0.2,103.43
2018M04,Croatia,HICP,0.9,102.0
2018M04,Italy,HICP,0.5,102.9
2018M04,Cyprus,HICP,1.1,99.51
2018M04,Latvia,HICP,0.3,105.35
2018M04,Lithuania,HICP,0.7,106.92
2018M04,Luxembourg,HICP,0.4,103.6
2018M04,Hungary,HICP,0.7,105.06
2018M04,Malta,HICP,2.6,103.77
2018M04,Netherlands,HICP,0.9,102.99
2018M04,Austria,HICP,0.2,105.29
2018M04,Poland,HICP,0.5,102.5
2018M04,Portugal,HICP,1.0,103.68
2018M04,Romania,HICP,0.4,103.69
2018M04,Slovenia,HICP,0.4,103.07
2018M04,Slovakia,HICP,0.6,103.56
2018M04,Finland,HICP,0.3,102.32
2018M04,Sweden,HICP,0.4,104.66
2018M05,EU,HICP,0.6,103.9
2018M05,Belgium,HICP,0.3,106.38
2018M05,Bulgaria,HICP,0.4,101.84
2018M05,Czechia,HICP,0.5,105.1
2018M05,Denmark,HICP,0.2,102.0
2018M05,Germany,HICP,1.1,104.3
2018M05,Estonia,HICP,0.5,107.61
2018M05,Ireland,HICP,0.6,100.9
2018M05,Greece,HICP,0.1,102.33
2018M05,Spain,HICP,0.9,104.32
2018M05,France,HICP,0.5,103.92
2018M05,Croatia,HICP,0.3,102.27
2018M05,Italy,HICP,0.3,103.2
2018M05,Cyprus,HICP,1.4,100.87
2018M05,Latvia,HICP,0.5,105.83
2018M05,Lithuania,HICP,0.5,107.42
2018M05,Luxembourg,HICP,0.6,104.22
2018M05,Hungary,HICP,0.7,105.75
2018M05,Malta,HICP,1.4,105.19
2018M05,Netherlands,HICP,0.4,103.41
2018M05,Austria,HICP,0.1,105.4
2018M05,Poland,HICP,0.2,102.7
2018M05,Portugal,HICP,0.8,104.55
2018M05,Romania,HICP,0.6,104.28
2018M05,Slovenia,HICP,1.0,104.12
2018M05,Slovakia,HICP,0.0,103.57
2018M05,Finland,HICP,0.0,102.37
2018M05,Sweden,HICP,0.3,104.95
2018M06,EU,HICP,0.1,104.03
2018M06,Belgium,HICP,0.3,106.68
2018M06,Bulgaria,HICP,0.5,102.34
2018M06,Czechia,HICP,0.4,105.5
2018M06,Denmark,HICP,-0.1,101.9
2018M06,Germany,HICP,0.1,104.4
2018M06,Estonia,HICP,1.0,108.65
2018M06,Ireland,HICP,0.1,101.0
2018M06,Greece,HICP,0.9,103.29
2018M06,Spain,HICP,0.2,104.56
2018M06,France,HICP,0.0,103.93
2018M06,Croatia,HICP,0.8,103.06
2018M06,Italy,HICP,0.2,103.4
2018M06,Cyprus,HICP,1.0,101.92
2018M06,Latvia,HICP,0.7,106.59
2018M06,Lithuania,HICP,-0.1,107.33
2018M06,Luxembourg,HICP,0.3,104.53
2018M06,Hungary,HICP,0.3,106.11
2018M06,Malta,HICP,1.3,106.57
2018M06,Netherlands,HICP,-0.5,102.85
2018M06,Austria,HICP,0.1,105.46
2018M06,Poland,HICP,0.1,102.8
2018M06,Portugal,HICP,0.0,104.57
2018M06,Romania,HICP,0.0,104.33
2018M06,Slovenia,HICP,0.0,104.15
2018M06,Slovakia,HICP,0.1,103.7
2018M06,Finland,HICP,0.2,102.55
2018M06,Sweden,HICP,0.2,105.21
2018M07,EU,HICP,-0.2,103.86
2018M07,Belgium,HICP,-0.7,105.93
2018M07,Bulgaria,HICP,1.0,103.41
2018M07,Czechia,HICP,0.2,105.7
2018M07,Denmark,HICP,0.8,102.7
2018M07,Germany,HICP,0.8,105.2
2018M07,Estonia,HICP,0.2,108.87
2018M07,Ireland,HICP,0.4,101.4
2018M07,Greece,HICP,-1.4,101.87
2018M07,Spain,HICP,-1.2,103.31
2018M07,France,HICP,-0.1,103.8
2018M07,Croatia,HICP,0.1,103.2
2018M07,Italy,HICP,-1.4,102.0
2018M07,Cyprus,HICP,-0.2,101.67
2018M07,Latvia,HICP,-0.8,105.75
2018M07,Lithuania,HICP,-0.5,106.82
2018M07,Luxembourg,HICP,-0.9,103.63
2018M07,Hungary,HICP,0.3,106.44
2018M07,Malta,HICP,0.2,106.81
2018M07,Netherlands,HICP,1.1,103.96
2018M07,Austria,HICP,-0.6,104.83
2018M07,Poland,HICP,-0.2,102.6
2018M07,Portugal,HICP,-0.4,104.16
2018M07,Romania,HICP,-0.4,103.94
2018M07,Slovenia,HICP,-0.8,103.27
2018M07,Slovakia,HICP,-0.2,103.53
2018M07,Finland,HICP,-0.2,102.36
2018M07,Sweden,HICP,0.6,105.82
2018M08,EU,HICP,0.1,103.97
2018M08,Belgium,HICP,1.4,107.41
2018M08,Bulgaria,HICP,0.3,103.75
2018M08,Czechia,HICP,0.0,105.7
2018M08,Denmark,HICP,-0.5,102.2
2018M08,Germany,HICP,0.0,105.2
2018M08,Estonia,HICP,0.6,109.55
2018M08,Ireland,HICP,0.3,101.7
2018M08,Greece,HICP,-0.2,101.66
2018M08,Spain,HICP,0.1,103.41
2018M08,France,HICP,0.5,104.35
2018M08,Croatia,HICP,0.0,103.16
2018M08,Italy,HICP,-0.2,101.8
2018M08,Cyprus,HICP,1.2,102.91
2018M08,Latvia,HICP,0.0,105.78
2018M08,Lithuania,HICP,-0.4,106.37
2018M08,Luxembourg,HICP,1.4,105.06
2018M08,Hungary,HICP,0.0,106.49
2018M08,Malta,HICP,0.7,107.56
2018M08,Netherlands,HICP,0.1,104.09
2018M08,Austria,HICP,0.0,104.82
2018M08,Poland,HICP,-0.2,102.4
2018M08,Portugal,HICP,-0.7,103.46
2018M08,Romania,HICP,0.1,104.02
2018M08,Slovenia,HICP,0.0,103.29
2018M08,Slovakia,HICP,0.2,103.77
2018M08,Finland,HICP,0.1,102.51
2018M08,Sweden,HICP,-0.3,105.53
2018M09,EU,HICP,0.4,104.35
2018M09,Belgium,HICP,-0.3,107.1
2018M09,Bulgaria,HICP,-0.3,103.39
2018M09,Czechia,HICP,-0.4,105.3
2018M09,Denmark,HICP,-0.2,102.0
2018M09,Germany,HICP,0.1,105.3
2018M09,Estonia,HICP,-0.3,109.26
2018M09,Ireland,HICP,-0.3,101.4
2018M09,Greece,HICP,1.4,103.08
2018M09,Spain,HICP,0.6,104.06
2018M09,France,HICP,-0.2,104.12
2018M09,Croatia,HICP,-0.2,102.96
2018M09,Italy,HICP,1.7,103.5
2018M09,Cyprus,HICP,-0.8,102.11
2018M09,Latvia,HICP,0.6,106.44
2018M09,Lithuania,HICP,1.4,107.85
2018M09,Luxembourg,HICP,0.3,105.38
2018M09,Hungary,HICP,0.3,106.82
2018M09,Malta,HICP,-0.8,106.69
2018M09,Netherlands,HICP,-0.7,103.36
2018M09,Austria,HICP,1.2,106.11
2018M09,Poland,HICP,0.3,102.7
2018M09,Portugal,HICP,1.5,105.03
2018M09,Romania,HICP,0.6,104.62
2018M09,Slovenia,HICP,0.5,103.84
2018M09,Slovakia,HICP,0.0,103.81
2018M09,Finland,HICP,0.3,102.78
2018M09,Sweden,HICP,0.5,106.05
2018M10,EU,HICP,0.3,104.62
2018M10,Belgium,HICP,0.7,107.8
2018M10,Bulgaria,HICP,0.2,103.55
2018M10,Czechia,HICP,0.4,105.7
2018M10,Denmark,HICP,0.3,102.3
2018M10,Germany,HICP,0.1,105.4
2018M10,Estonia,HICP,0.5,109.86
2018M10,Ireland,HICP,-0.2,101.2
2018M10,Greece,HICP,0.5,103.59
2018M10,Spain,HICP,0.7,104.77
2018M10,France,HICP,0.1,104.24
2018M10,Croatia,HICP,0.2,103.12
2018M10,Italy,HICP,0.2,103.7
2018M10,Cyprus,HICP,-0.3,101.78
2018M10,Latvia,HICP,0.3,106.75
2018M10,Lithuania,HICP,0.5,108.42
2018M10,Luxembourg,HICP,0.2,105.64
2018M10,Hungary,HICP,0.5,107.35
2018M10,Malta,HICP,-1.2,105.45
2018M10,Netherlands,HICP,0.5,103.89
2018M10,Austria,HICP,0.5,106.62
2018M10,Poland,HICP,0.4,103.1
2018M10,Portugal,HICP,-0.5,104.49
2018M10,Romania,HICP,0.6,105.26
2018M10,Slovenia,HICP,0.4,104.21
2018M10,Slovakia,HICP,0.1,103.9
2018M10,Finland,HICP,0.3,103.05
2018M10,Sweden,HICP,-0.2,105.89
2018M11,EU,HICP,-0.5,104.11
2018M11,Belgium,HICP,-0.2,107.63
2018M11,Bulgaria,HICP,-0.3,103.25
2018M11,Czechia,HICP,-0.3,105.4
2018M11,Denmark,HICP,-0.3,102.0
2018M11,Germany,HICP,-1.1,104.2
2018M11,Estonia,HICP,-0.8,108.97
2018M11,Ireland,HICP,-0.4,100.8
2018M11,Greece,HICP,-1.6,101.96
2018M11,Spain,HICP,-0.2,104.52
2018M11,France,HICP,-0.2,104.0
2018M11,Croatia,HICP,-0.5,102.6
2018M11,Italy,HICP,-0.3,103.4
2018M11,Cyprus,HICP,-1.5,100.25
2018M11,Latvia,HICP,-0.2,106.57
2018M11,Lithuania,HICP,-0.2,108.22
2018M11,Luxembourg,HICP,-0.2,105.47
2018M11,Hungary,HICP,-0.3,106.98
2018M11,Malta,HICP,-2.9,102.35
2018M11,Netherlands,HICP,-0.5,103.37
2018M11,Austria,HICP,0.0,106.64
2018M11,Poland,HICP,0.0,103.1
2018M11,Portugal,HICP,-1.0,103.43
2018M11,Romania,HICP,-0.3,104.96
2018M11,Slovenia,HICP,0.1,104.31
2018M11,Slovakia,HICP,-0.1,103.76
2018M11,Finland,HICP,0.1,103.13
2018M11,Sweden,HICP,-0.1,105.77
2018M12,EU,HICP,0.0,104.08
2018M12,Belgium,HICP,-0.2,107.39
2018M12,Bulgaria,HICP,0.0,103.21
2018M12,Czechia,HICP,0.0,105.4
2018M12,Denmark,HICP,-0.4,101.6
2018M12,Germany,HICP,0.2,104.4
2018M12,Estonia,HICP,-0.3,108.64
2018M12,Ireland,HICP,-0.1,100.7
2018M12,Greece,HICP,-0.1,101.88
2018M12,Spain,HICP,-0.5,104.0
2018M12,France,HICP,0.1,104.1
2018M12,Croatia,HICP,-0.6,101.96
2018M12,Italy,HICP,-0.1,103.3
2018M12,Cyprus,HICP,-0.9,99.31
2018M12,Latvia,HICP,-0.3,106.21
2018M12,Lithuania,HICP,-0.5,107.68
2018M12,Luxembourg,HICP,-0.7,104.78
2018M12,Hungary,HICP,-0.4,106.58
2018M12,Malta,HICP,-0.2,102.13
2018M12,Netherlands,HICP,0.0,103.35
2018M12,Austria,HICP,0.1,106.74
2018M12,Poland,HICP,0.0,103.1
2018M12,Portugal,HICP,-0.4,103.02
2018M12,Romania,HICP,0.1,105.06
2018M12,Slovenia,HICP,-0.6,103.68
2018M12,Slovakia,HICP,-0.1,103.61
2018M12,Finland,HICP,-0.2,102.93
2018M12,Sweden,HICP,0.5,106.29
2019M01,EU,HICP,-0.8,103.22
2019M01,Belgium,HICP,-1.6,105.69
2019M01,Bulgaria,HICP,0.2,103.43
2019M01,Czechia,HICP,1.0,106.5
2019M01,Denmark,HICP,0.2,101.8
2019M01,Germany,HICP,-1.0,103.4
2019M01,Estonia,HICP,-0.4,108.18
2019M01,Ireland,HICP,-0.7,100.0
2019M01,Greece,HICP,-1.3,100.54
2019M01,Spain,HICP,-1.7,102.26
2019M01,France,HICP,-0.6,103.52
2019M01,Croatia,HICP,-0.6,101.32
2019M01,Italy,HICP,-1.7,101.5
2019M01,Cyprus,HICP,-0.8,98.53
2019M01,Latvia,HICP,0.3,106.53
2019M01,Lithuania,HICP,-0.1,107.6
2019M01,Luxembourg,HICP,-1.1,103.58
2019M01,Hungary,HICP,0.3,106.88
2019M01,Malta,HICP,-1.5,100.58
2019M01,Netherlands,HICP,-0.2,103.13
2019M01,Austria,HICP,-1.0,105.62
2019M01,Poland,HICP,-0.1,103.0
2019M01,Portugal,HICP,-1.3,101.73
2019M01,Romania,HICP,0.9,105.98
2019M01,Slovenia,HICP,-0.9,102.78
2019M01,Slovakia,HICP,1.2,104.86
2019M01,Finland,HICP,-0.4,102.48
2019M01,Sweden,HICP,-1.1,105.13
2019M02,EU,HICP,0.3,103.57
2019M02,Belgium,HICP,1.8,107.62
2019M02,Bulgaria,HICP,0.3,103.73
2019M02,Czechia,HICP,0.3,106.8
2019M02,Denmark,HICP,0.5,102.3
2019M02,Germany,HICP,0.5,103.9
2019M02,Estonia,HICP,0.2,108.38
2019M02,Ireland,HICP,0.8,100.8
2019M02,Greece,HICP,0.3,100.86
2019M02,Spain,HICP,0.2,102.47
2019M02,France,HICP,0.1,103.64
2019M02,Croatia,HICP,0.1,101.41
2019M02,Italy,HICP,-0.3,101.2
2019M02,Cyprus,HICP,-0.2,98.36
2019M02,Latvia,HICP,0.1,106.64
2019M02,Lithuania,HICP,0.2,107.86
2019M02,Luxembourg,HICP,1.7,105.31
2019M02,Hungary,HICP,0.6,107.47
2019M02,Malta,HICP,0.9,101.5
2019M02,Netherlands,HICP,1.3,104.44
2019M02,Austria,HICP,0.0,105.61
2019M02,Poland,HICP,0.3,103.3
2019M02,Portugal,HICP,-0.3,101.45
2019M02,Romania,HICP,1.0,107.0
2019M02,Slovenia,HICP,0.7,103.5
2019M02,Slovakia,HICP,0.2,105.09
2019M02,Finland,HICP,0.5,103.04
2019M02,Sweden,HICP,0.7,105.88
2019M03,EU,HICP,0.9,104.5
2019M03,Belgium,HICP,0.2,107.86
2019M03,Bulgaria,HICP,0.2,103.95
2019M03,Czechia,HICP,0.2,107.0
2019M03,Denmark,HICP,0.1,102.4
2019M03,Germany,HICP,0.5,104.4
2019M03,Estonia,HICP,0.4,108.83
2019M03,Ireland,HICP,0.8,101.6
2019M03,Greece,HICP,1.4,102.32
2019M03,Spain,HICP,1.4,103.9
2019M03,France,HICP,0.9,104.55
2019M03,Croatia,HICP,0.8,102.2
2019M03,Italy,HICP,2.3,103.5
2019M03,Cyprus,HICP,1.1,99.49
2019M03,Latvia,HICP,1.1,107.85
2019M03,Lithuania,HICP,0.9,108.88
2019M03,Luxembourg,HICP,0.3,105.63
2019M03,Hungary,HICP,0.7,108.23
2019M03,Malta,HICP,1.0,102.47
2019M03,Netherlands,HICP,0.5,104.98
2019M03,Austria,HICP,1.1,106.81
2019M03,Poland,HICP,0.4,103.7
2019M03,Portugal,HICP,2.1,103.53
2019M03,Romania,HICP,0.5,107.58
2019M03,Slovenia,HICP,0.7,104.23
2019M03,Slovakia,HICP,0.7,105.78
2019M03,Finland,HICP,0.1,103.15
2019M03,Sweden,HICP,0.2,106.1
2019M04,EU,HICP,0.7,105.26
2019M04,Belgium,HICP,0.2,108.11
2019M04,Bulgaria,HICP,0.6,104.6
2019M04,Czechia,HICP,0.1,107.1
2019M04,Denmark,HICP,0.3,102.7
2019M04,Germany,HICP,1.0,105.4
2019M04,Estonia,HICP,1.5,110.5
2019M04,Ireland,HICP,0.4,102.0
2019M04,Greece,HICP,1.0,103.33
2019M04,Spain,HICP,1.1,105.06
2019M04,France,HICP,0.4,104.93
2019M04,Croatia,HICP,0.6,102.86
2019M04,Italy,HICP,0.5,104.0
2019M04,Cyprus,HICP,1.3,100.74
2019M04,Latvia,HICP,0.9,108.86
2019M04,Lithuania,HICP,0.9,109.85
2019M04,Luxembourg,HICP,0.3,105.92
2019M04,Hungary,HICP,0.9,109.2
2019M04,Malta,HICP,3.0,105.57
2019M04,Netherlands,HICP,1.1,106.11
2019M04,Austria,HICP,0.3,107.12
2019M04,Poland,HICP,1.0,104.7
2019M04,Portugal,HICP,1.0,104.6
2019M04,Romania,HICP,0.7,108.3
2019M04,Slovenia,HICP,0.7,104.93
2019M04,Slovakia,HICP,0.2,106.01
2019M04,Finland,HICP,0.7,103.9
2019M04,Sweden,HICP,0.7,106.82
2019M05,EU,HICP,0.2,105.44
2019M05,Belgium,HICP,0.0,108.16
2019M05,Bulgaria,HICP,0.2,104.76
2019M05,Czechia,HICP,0.7,107.8
2019M05,Denmark,HICP,0.0,102.7
2019M05,Germany,HICP,0.3,105.7
2019M05,Estonia,HICP,0.4,110.93
2019M05,Ireland,HICP,-0.1,101.9
2019M05,Greece,HICP,-0.4,102.93
2019M05,Spain,HICP,0.2,105.31
2019M05,France,HICP,0.1,105.06
2019M05,Croatia,HICP,0.4,103.3
2019M05,Italy,HICP,0.1,104.1
2019M05,Cyprus,HICP,0.3,101.03
2019M05,Latvia,HICP,0.6,109.53
2019M05,Lithuania,HICP,0.3,110.15
2019M05,Luxembourg,HICP,0.5,106.47
2019M05,Hungary,HICP,0.7,110.0
2019M05,Malta,HICP,1.4,107.02
2019M05,Netherlands,HICP,-0.3,105.82
2019M05,Austria,HICP,0.1,107.18
2019M05,Poland,HICP,0.3,105.0
2019M05,Portugal,HICP,0.3,104.87
2019M05,Romania,HICP,0.5,108.86
2019M05,Slovenia,HICP,0.8,105.75
2019M05,Slovakia,HICP,0.4,106.39
2019M05,Finland,HICP,-0.2,103.67
2019M05,Sweden,HICP,0.3,107.12
2019M06,EU,HICP,0.1,105.57
2019M06,Belgium,HICP,-0.1,108.09
2019M06,Bulgaria,HICP,0.0,104.73
2019M06,Czechia,HICP,0.2,108.0
2019M06,Denmark,HICP,-0.3,102.4
2019M06,Germany,HICP,0.3,106.0
2019M06,Estonia,HICP,0.5,111.47
2019M06,Ireland,HICP,0.2,102.1
2019M06,Greece,HICP,0.6,103.54
2019M06,Spain,HICP,-0.1,105.18
2019M06,France,HICP,0.3,105.35
2019M06,Croatia,HICP,0.3,103.59
2019M06,Italy,HICP,0.1,104.2
2019M06,Cyprus,HICP,1.2,102.26
2019M06,Latvia,HICP,0.3,109.85
2019M06,Lithuania,HICP,-0.3,109.87
2019M06,Luxembourg,HICP,-0.3,106.11
2019M06,Hungary,HICP,-0.2,109.75
2019M06,Malta,HICP,1.3,108.45
2019M06,Netherlands,HICP,-0.1,105.67
2019M06,Austria,HICP,-0.1,107.11
2019M06,Poland,HICP,0.2,105.2
2019M06,Portugal,HICP,0.4,105.27
2019M06,Romania,HICP,-0.4,108.43
2019M06,Slovenia,HICP,0.3,106.1
2019M06,Slovakia,HICP,0.1,106.49
2019M06,Finland,HICP,0.0,103.71
2019M06,Sweden,HICP,-0.2,106.94
2019M07,EU,HICP,-0.3,105.22
2019M07,Belgium,HICP,-0.8,107.21
2019M07,Bulgaria,HICP,1.3,106.13
2019M07,Czechia,HICP,0.4,108.4
2019M07,Denmark,HICP,0.7,103.1
2019M07,Germany,HICP,0.4,106.4
2019M07,Estonia,HICP,-0.3,111.1
2019M07,Ireland,HICP,-0.2,101.9
2019M07,Greece,HICP,-1.2,102.32
2019M07,Spain,HICP,-1.1,103.98
2019M07,France,HICP,-0.2,105.11
2019M07,Croatia,HICP,0.5,104.12
2019M07,Italy,HICP,-1.8,102.3
2019M07,Cyprus,HICP,-0.4,101.81
2019M07,Latvia,HICP,-0.9,108.89
2019M07,Lithuania,HICP,-0.3,109.51
2019M07,Luxembourg,HICP,-0.8,105.3
2019M07,Hungary,HICP,0.2,109.98
2019M07,Malta,HICP,0.3,108.76
2019M07,Netherlands,HICP,0.9,106.67
2019M07,Austria,HICP,-0.8,106.26
2019M07,Poland,HICP,0.0,105.2
2019M07,Portugal,HICP,-1.7,103.46
2019M07,Romania,HICP,-0.2,108.23
2019M07,Slovenia,HICP,-0.7,105.38
2019M07,Slovakia,HICP,0.1,106.64
2019M07,Finland,HICP,-0.3,103.38
2019M07,Sweden,HICP,0.5,107.45
2019M08,EU,HICP,0.1,105.31
2019M08,Belgium,HICP,1.1,108.34
2019M08,Bulgaria,HICP,0.2,106.33
2019M08,Czechia,HICP,0.1,108.5
2019M08,Denmark,HICP,-0.4,102.7
2019M08,Germany,HICP,-0.1,106.3
2019M08,Estonia,HICP,0.7,111.87
2019M08,Ireland,HICP,0.4,102.3
2019M08,Greece,HICP,-0.6,101.74
2019M08,Spain,HICP,-0.1,103.87
2019M08,France,HICP,0.5,105.67
2019M08,Croatia,HICP,-0.4,103.73
2019M08,Italy,HICP,0.0,102.3
2019M08,Cyprus,HICP,1.7,103.49
2019M08,Latvia,HICP,0.2,109.08
2019M08,Lithuania,HICP,-0.4,109.03
2019M08,Luxembourg,HICP,1.2,106.54
2019M08,Hungary,HICP,-0.1,109.89
2019M08,Malta,HICP,0.8,109.63
2019M08,Netherlands,HICP,0.6,107.32
2019M08,Austria,HICP,0.1,106.34
2019M08,Poland,HICP,-0.1,105.1
2019M08,Portugal,HICP,-0.1,103.34
2019M08,Romania,HICP,0.0,108.24
2019M08,Slovenia,HICP,0.4,105.79
2019M08,Slovakia,HICP,0.2,106.87
2019M08,Finland,HICP,0.4,103.79
2019M08,Sweden,HICP,-0.5,106.91
2019M09,EU,HICP,0.2,105.49
2019M09,Belgium,HICP,-0.6,107.7
2019M09,Bulgaria,HICP,-1.2,105.07
2019M09,Czechia,HICP,-0.5,108.0
2019M09,Denmark,HICP,-0.3,102.4
2019M09,Germany,HICP,-0.1,106.2
2019M09,Estonia,HICP,-0.2,111.7
2019M09,Ireland,HICP,-0.3,102.0
2019M09,Greece,HICP,1.5,103.3
2019M09,Spain,HICP,0.4,104.28
2019M09,France,HICP,-0.4,105.28
2019M09,Croatia,HICP,-0.2,103.54
2019M09,Italy,HICP,1.4,103.7
2019M09,Cyprus,HICP,-1.8,101.65
2019M09,Latvia,HICP,-0.2,108.91
2019M09,Lithuania,HICP,0.9,110.02
2019M09,Luxembourg,HICP,0.0,106.5
2019M09,Hungary,HICP,0.0,109.91
2019M09,Malta,HICP,-1.1,108.44
2019M09,Netherlands,HICP,-1.1,106.16
2019M09,Austria,HICP,1.0,107.42
2019M09,Poland,HICP,0.1,105.2
2019M09,Portugal,HICP,1.4,104.76
2019M09,Romania,HICP,0.1,108.3
2019M09,Slovenia,HICP,-0.1,105.64
2019M09,Slovakia,HICP,0.1,106.97
2019M09,Finland,HICP,0.0,103.83
2019M09,Sweden,HICP,0.5,107.43
2019M10,EU,HICP,0.2,105.67
2019M10,Belgium,HICP,0.3,108.01
2019M10,Bulgaria,HICP,0.2,105.23
2019M10,Czechia,HICP,0.5,108.5
2019M10,Denmark,HICP,0.5,102.9
2019M10,Germany,HICP,0.1,106.3
2019M10,Estonia,HICP,-0.2,111.45
2019M10,Ireland,HICP,-0.2,101.8
2019M10,Greece,HICP,-0.1,103.23
2019M10,Spain,HICP,0.7,104.97
2019M10,France,HICP,-0.1,105.2
2019M10,Croatia,HICP,0.2,103.79
2019M10,Italy,HICP,0.2,103.9
2019M10,Cyprus,HICP,-0.4,101.27
2019M10,Latvia,HICP,0.1,109.06
2019M10,Lithuania,HICP,0.1,110.1
2019M10,Luxembourg,HICP,0.0,106.53
2019M10,Hungary,HICP,0.6,110.58
2019M10,Malta,HICP,-1.4,106.9
2019M10,Netherlands,HICP,0.6,106.82
2019M10,Austria,HICP,0.3,107.72
2019M10,Poland,HICP,0.3,105.5
2019M10,Portugal,HICP,-0.4,104.39
2019M10,Romania,HICP,0.4,108.68
2019M10,Slovenia,HICP,0.1,105.74
2019M10,Slovakia,HICP,-0.1,106.87
2019M10,Finland,HICP,0.1,103.98
2019M10,Sweden,HICP,0.1,107.57
2019M11,EU,HICP,-0.2,105.42
2019M11,Belgium,HICP,0.0,108.02
2019M11,Bulgaria,HICP,0.3,105.56
2019M11,Czechia,HICP,0.1,108.6
2019M11,Denmark,HICP,-0.3,102.6
2019M11,Germany,HICP,-0.8,105.4
2019M11,Estonia,HICP,-0.4,110.95
2019M11,Ireland,HICP,-0.2,101.6
2019M11,Greece,HICP,-0.7,102.51
2019M11,Spain,HICP,0.0,105.01
2019M11,France,HICP,0.1,105.27
2019M11,Croatia,HICP,-0.4,103.39
2019M11,Italy,HICP,-0.3,103.6
2019M11,Cyprus,HICP,-0.5,100.73
2019M11,Latvia,HICP,-0.3,108.68
2019M11,Lithuania,HICP,0.0,110.1
2019M11,Luxembourg,HICP,0.0,106.56
2019M11,Hungary,HICP,0.1,110.66
2019M11,Malta,HICP,-3.0,103.69
2019M11,Netherlands,HICP,-0.8,106.01
2019M11,Austria,HICP,0.2,107.92
2019M11,Poland,HICP,0.1,105.6
2019M11,Portugal,HICP,-0.7,103.66
2019M11,Romania,HICP,0.2,108.9
2019M11,Slovenia,HICP,0.0,105.77
2019M11,Slovakia,HICP,0.2,107.05
2019M11,Finland,HICP,-0.1,103.92
2019M11,Sweden,HICP,0.1,107.67
2019M12,EU,HICP,0.3,105.76
2019M12,Belgium,HICP,0.3,108.38
2019M12,Bulgaria,HICP,0.8,106.41
2019M12,Czechia,HICP,0.2,108.8
2019M12,Denmark,HICP,-0.2,102.4
2019M12,Germany,HICP,0.6,106.0
2019M12,Estonia,HICP,-0.3,110.59
2019M12,Ireland,HICP,0.2,101.8
2019M12,Greece,HICP,0.4,102.95
2019M12,Spain,HICP,-0.1,104.88
2019M12,France,HICP,0.5,105.78
2019M12,Croatia,HICP,-0.1,103.25
2019M12,Italy,HICP,0.2,103.8
2019M12,Cyprus,HICP,-0.7,100.03
2019M12,Latvia,HICP,-0.2,108.48
2019M12,Lithuania,HICP,0.5,110.62
2019M12,Luxembourg,HICP,0.1,106.68
2019M12,Hungary,HICP,0.3,110.96
2019M12,Malta,HICP,-0.2,103.44
2019M12,Netherlands,HICP,0.2,106.24
2019M12,Austria,HICP,0.7,108.69
2019M12,Poland,HICP,0.6,106.2
2019M12,Portugal,HICP,-0.3,103.4
2019M12,Romania,HICP,0.4,109.31
2019M12,Slovenia,HICP,-0.1,105.71
2019M12,Slovakia,HICP,-0.1,106.89
2019M12,Finland,HICP,0.2,104.1
2019M12,Sweden,HICP,0.4,108.14
2020M01,EU,HICP,-0.7,105.0
2020M01,Belgium,HICP,-1.1,107.17
2020M01,Bulgaria,HICP,0.5,106.94
2020M01,Czechia,HICP,1.6,110.5
2020M01,Denmark,HICP,0.2,102.6
2020M01,Germany,HICP,-0.8,105.1
2020M01,Estonia,HICP,-0.6,109.94
2020M01,Ireland,HICP,-0.7,101.1
2020M01,Greece,HICP,-1.3,101.63
2020M01,Spain,HICP,-1.4,103.42
2020M01,France,HICP,-0.5,105.24
2020M01,Croatia,HICP,-0.1,103.12
2020M01,Italy,HICP,-1.8,101.9
2020M01,Cyprus,HICP,-0.8,99.22
2020M01,Latvia,HICP,0.3,108.85
2020M01,Lithuania,HICP,0.2,110.81
2020M01,Luxembourg,HICP,-0.4,106.21
2020M01,Hungary,HICP,0.9,111.92
2020M01,Malta,HICP,-1.4,101.97
2020M01,Netherlands,HICP,-1.3,104.85
2020M01,Austria,HICP,-0.7,107.91
2020M01,Poland,HICP,0.7,106.9
2020M01,Portugal,HICP,-0.8,102.57
2020M01,Romania,HICP,0.7,110.09
2020M01,Slovenia,HICP,-0.5,105.15
2020M01,Slovakia,HICP,1.3,108.23
2020M01,Finland,HICP,-0.4,103.72
2020M01,Sweden,HICP,-1.3,106.73
2020M02,EU,HICP,0.2,105.22
2020M02,Belgium,HICP,1.5,108.74
2020M02,Bulgaria,HICP,0.0,106.95
2020M02,Czechia,HICP,0.3,110.8
2020M02,Denmark,HICP,0.4,103.0
2020M02,Germany,HICP,0.6,105.7
2020M02,Estonia,HICP,0.6,110.56
2020M02,Ireland,HICP,0.6,101.7
2020M02,Greece,HICP,-0.4,101.27
2020M02,Spain,HICP,-0.1,103.36
2020M02,France,HICP,0.0,105.27
2020M02,Croatia,HICP,-0.5,102.65
2020M02,Italy,HICP,-0.5,101.4
2020M02,Cyprus,HICP,0.2,99.37
2020M02,Latvia,HICP,0.2,109.04
2020M02,Lithuania,HICP,0.0,110.84
2020M02,Luxembourg,HICP,1.0,107.25
2020M02,Hungary,HICP,0.3,112.22
2020M02,Malta,HICP,0.6,102.63
2020M02,Netherlands,HICP,0.9,105.77
2020M02,Austria,HICP,0.0,107.92
2020M02,Poland,HICP,0.6,107.5
2020M02,Portugal,HICP,-0.6,101.99
2020M02,Romania,HICP,0.0,110.05
2020M02,Slovenia,HICP,0.4,105.56
2020M02,Slovakia,HICP,0.1,108.37
2020M02,Finland,HICP,0.5,104.2
2020M02,Sweden,HICP,0.4,107.21
2020M03,EU,HICP,0.5,105.7
2020M03,Belgium,HICP,-0.4,108.32
2020M03,Bulgaria,HICP,-0.5,106.46
2020M03,Czechia,HICP,0.0,110.8
2020M03,Denmark,HICP,-0.3,102.7
2020M03,Germany,HICP,0.1,105.8
2020M03,Estonia,HICP,-0.6,109.89
2020M03,Ireland,HICP,0.4,102.1
2020M03,Greece,HICP,1.2,102.51
2020M03,Spain,HICP,0.6,103.98
2020M03,France,HICP,0.1,105.34
2020M03,Croatia,HICP,0.0,102.68
2020M03,Italy,HICP,2.2,103.6
2020M03,Cyprus,HICP,0.2,99.59
2020M03,Latvia,HICP,0.3,109.35
2020M03,Lithuania,HICP,-0.1,110.69
2020M03,Luxembourg,HICP,-1.2,105.99
2020M03,Hungary,HICP,0.2,112.48
2020M03,Malta,HICP,1.0,103.68
2020M03,Netherlands,HICP,0.3,106.09
2020M03,Austria,HICP,0.5,108.5
2020M03,Poland,HICP,0.2,107.7
2020M03,Portugal,HICP,1.6,103.67
2020M03,Romania,HICP,0.4,110.47
2020M03,Slovenia,HICP,-0.6,104.91
2020M03,Slovakia,HICP,0.0,108.34
2020M03,Finland,HICP,-0.2,104.03
2020M03,Sweden,HICP,-0.2,106.97
2020M04,EU,HICP,0.2,105.93
2020M04,Belgium,HICP,-0.2,108.1
2020M04,Bulgaria,HICP,-0.4,106.01
2020M04,Czechia,HICP,-0.2,110.6
2020M04,Denmark,HICP,-0.1,102.6
2020M04,Germany,HICP,0.4,106.2
2020M04,Estonia,HICP,-0.3,109.52
2020M04,Ireland,HICP,-0.4,101.7
2020M04,Greece,HICP,-0.1,102.39
2020M04,Spain,HICP,0.4,104.35
2020M04,France,HICP,0.0,105.32
2020M04,Croatia,HICP,0.0,102.71
2020M04,Italy,HICP,0.5,104.1
2020M04,Cyprus,HICP,-0.1,99.52
2020M04,Latvia,HICP,-0.5,108.78
2020M04,Lithuania,HICP,0.2,110.86
2020M04,Luxembourg,HICP,-0.8,105.1
2020M04,Hungary,HICP,-0.5,111.95
2020M04,Malta,HICP,2.9,106.7
2020M04,Netherlands,HICP,1.0,107.14
2020M04,Austria,HICP,0.2,108.75
2020M04,Poland,HICP,0.0,107.7
2020M04,Portugal,HICP,0.8,104.46
2020M04,Romania,HICP,0.3,110.76
2020M04,Slovenia,HICP,-1.3,103.56
2020M04,Slovakia,HICP,-0.1,108.26
2020M04,Finland,HICP,-0.4,103.58
2020M04,Sweden,HICP,-0.4,106.58
2020M05,EU,HICP,0.0,105.94
2020M05,Belgium,HICP,-0.2,107.92
2020M05,Bulgaria,HICP,-0.2,105.76
2020M05,Czechia,HICP,0.5,111.1
2020M05,Denmark,HICP,-0.1,102.5
2020M05,Germany,HICP,0.0,106.2
2020M05,Estonia,HICP,-0.6,108.91
2020M05,Ireland,HICP,-0.6,101.1
2020M05,Greece,HICP,-0.2,102.23
2020M05,Spain,HICP,0.1,104.41
2020M05,France,HICP,0.2,105.49
2020M05,Croatia,HICP,-0.1,102.58
2020M05,Italy,HICP,-0.3,103.8
2020M05,Cyprus,HICP,0.1,99.62
2020M05,Latvia,HICP,-0.3,108.5
2020M05,Lithuania,HICP,-0.5,110.34
2020M05,Luxembourg,HICP,-0.3,104.78
2020M05,Hungary,HICP,0.4,112.45
2020M05,Malta,HICP,1.2,108.02
2020M05,Netherlands,HICP,-0.2,106.94
2020M05,Austria,HICP,-0.9,107.81
2020M05,Poland,HICP,0.8,108.6
2020M05,Portugal,HICP,-0.2,104.2
2020M05,Romania,HICP,0.0,110.77
2020M05,Slovenia,HICP,0.7,104.3
2020M05,Slovakia,HICP,0.3,108.58
2020M05,Finland,HICP,-0.1,103.52
2020M05,Sweden,HICP,0.6,107.25
2020M06,EU,HICP,0.3,106.31
2020M06,Belgium,HICP,0.4,108.33
2020M06,Bulgaria,HICP,-0.1,105.69
2020M06,Czechia,HICP,0.5,111.7
2020M06,Denmark,HICP,0.1,102.6
2020M06,Germany,HICP,0.7,106.9
2020M06,Estonia,HICP,0.7,109.67
2020M06,Ireland,HICP,0.4,101.5
2020M06,Greece,HICP,-0.7,101.56
2020M06,Spain,HICP,0.4,104.87
2020M06,France,HICP,0.1,105.58
2020M06,Croatia,HICP,0.5,103.14
2020M06,Italy,HICP,0.0,103.8
2020M06,Cyprus,HICP,0.4,99.97
2020M06,Latvia,HICP,0.2,108.68
2020M06,Lithuania,HICP,0.4,110.81
2020M06,Luxembourg,HICP,0.9,105.72
2020M06,Hungary,HICP,0.4,112.92
2020M06,Malta,HICP,1.4,109.49
2020M06,Netherlands,HICP,0.5,107.45
2020M06,Austria,HICP,0.4,108.25
2020M06,Poland,HICP,0.6,109.2
2020M06,Portugal,HICP,1.2,105.5
2020M06,Romania,HICP,0.0,110.78
2020M06,Slovenia,HICP,0.9,105.21
2020M06,Slovakia,HICP,-0.1,108.46
2020M06,Finland,HICP,0.2,103.77
2020M06,Sweden,HICP,0.6,107.93
2020M07,EU,HICP,-0.2,106.06
2020M07,Belgium,HICP,0.7,109.05
2020M07,Bulgaria,HICP,0.8,106.58
2020M07,Czechia,HICP,0.5,112.3
2020M07,Denmark,HICP,0.9,103.5
2020M07,Germany,HICP,-0.5,106.4
2020M07,Estonia,HICP,0.0,109.69
2020M07,Ireland,HICP,-0.2,101.3
2020M07,Greece,HICP,-1.4,100.17
2020M07,Spain,HICP,-1.6,103.23
2020M07,France,HICP,0.4,106.01
2020M07,Croatia,HICP,0.3,103.48
2020M07,Italy,HICP,-0.7,103.1
2020M07,Cyprus,HICP,-0.2,99.73
2020M07,Latvia,HICP,0.3,108.99
2020M07,Lithuania,HICP,-0.3,110.53
2020M07,Luxembourg,HICP,-0.3,105.4
2020M07,Hungary,HICP,1.2,114.25
2020M07,Malta,HICP,0.0,109.54
2020M07,Netherlands,HICP,0.9,108.42
2020M07,Austria,HICP,-0.1,108.14
2020M07,Poland,HICP,-0.1,109.1
2020M07,Portugal,HICP,-2.0,103.38
2020M07,Romania,HICP,0.2,110.95
2020M07,Slovenia,HICP,-0.2,105.05
2020M07,Slovakia,HICP,0.1,108.54
2020M07,Finland,HICP,0.3,104.07
2020M07,Sweden,HICP,0.2,108.18
2020M08,EU,HICP,-0.3,105.69
2020M08,Belgium,HICP,-1.5,107.38
2020M08,Bulgaria,HICP,0.4,107.01
2020M08,Czechia,HICP,0.0,112.3
2020M08,Denmark,HICP,-0.4,103.1
2020M08,Germany,HICP,-0.2,106.2
2020M08,Estonia,HICP,0.6,110.38
2020M08,Ireland,HICP,-0.1,101.2
2020M08,Greece,HICP,-0.7,99.45
2020M08,Spain,HICP,0.0,103.23
2020M08,France,HICP,-0.1,105.89
2020M08,Croatia,HICP,-0.2,103.27
2020M08,Italy,HICP,-1.3,101.8
2020M08,Cyprus,HICP,0.8,100.5
2020M08,Latvia,HICP,-0.4,108.53
2020M08,Lithuania,HICP,-0.2,110.32
2020M08,Luxembourg,HICP,0.9,106.34
2020M08,Hungary,HICP,0.0,114.24
2020M08,Malta,HICP,0.7,110.35
2020M08,Netherlands,HICP,-0.7,107.65
2020M08,Austria,HICP,-0.3,107.82
2020M08,Poland,HICP,-0.1,109.0
2020M08,Portugal,HICP,-0.3,103.12
2020M08,Romania,HICP,0.0,110.93
2020M08,Slovenia,HICP,0.0,105.02
2020M08,Slovakia,HICP,-0.1,108.41
2020M08,Finland,HICP,0.0,104.09
2020M08,Sweden,HICP,-0.2,107.99
2020M09,EU,HICP,0.0,105.73
2020M09,Belgium,HICP,0.8,108.21
2020M09,Bulgaria,HICP,-1.2,105.7
2020M09,Czechia,HICP,-0.6,111.6
2020M09,Denmark,HICP,-0.2,102.9
2020M09,Germany,HICP,-0.4,105.8
2020M09,Estonia,HICP,-0.1,110.22
2020M09,Ireland,HICP,-0.4,100.8
2020M09,Greece,HICP,1.5,100.91
2020M09,Spain,HICP,0.4,103.69
2020M09,France,HICP,-0.6,105.3
2020M09,Croatia,HICP,-0.1,103.18
2020M09,Italy,HICP,0.9,102.7
2020M09,Cyprus,HICP,-0.8,99.7
2020M09,Latvia,HICP,-0.1,108.45
2020M09,Lithuania,HICP,0.3,110.66
2020M09,Luxembourg,HICP,-0.2,106.13
2020M09,Hungary,HICP,-0.5,113.7
2020M09,Malta,HICP,-1.3,108.96
2020M09,Netherlands,HICP,-0.4,107.19
2020M09,Austria,HICP,0.8,108.67
2020M09,Poland,HICP,0.2,109.2
2020M09,Portugal,HICP,0.8,103.92
2020M09,Romania,HICP,-0.4,110.53
2020M09,Slovenia,HICP,-0.2,104.85
2020M09,Slovakia,HICP,0.0,108.45
2020M09,Finland,HICP,0.0,104.11
2020M09,Sweden,HICP,0.1,108.06
2020M10,EU,HICP,0.2,105.92
2020M10,Belgium,HICP,0.2,108.47
2020M10,Bulgaria,HICP,0.2,105.87
2020M10,Czechia,HICP,0.1,111.7
2020M10,Denmark,HICP,0.3,103.2
2020M10,Germany,HICP,0.0,105.8
2020M10,Estonia,HICP,-0.6,109.51
2020M10,Ireland,HICP,-0.5,100.3
2020M10,Greece,HICP,0.2,101.13
2020M10,Spain,HICP,0.3,104.01
2020M10,France,HICP,0.0,105.27
2020M10,Croatia,HICP,0.4,103.6
2020M10,Italy,HICP,0.6,103.3
2020M10,Cyprus,HICP,0.2,99.87
2020M10,Latvia,HICP,-0.1,108.32
2020M10,Lithuania,HICP,0.0,110.65
2020M10,Luxembourg,HICP,0.0,106.08
2020M10,Hungary,HICP,0.2,113.91
2020M10,Malta,HICP,-1.3,107.54
2020M10,Netherlands,HICP,0.8,108.05
2020M10,Austria,HICP,0.2,108.93
2020M10,Poland,HICP,0.3,109.5
2020M10,Portugal,HICP,-0.1,103.8
2020M10,Romania,HICP,0.1,110.67
2020M10,Slovenia,HICP,0.3,105.2
2020M10,Slovakia,HICP,0.1,108.61
2020M10,Finland,HICP,0.1,104.22
2020M10,Sweden,HICP,-0.1,107.99
2020M11,EU,HICP,-0.3,105.63
2020M11,Belgium,HICP,-0.2,108.27
2020M11,Bulgaria,HICP,0.0,105.89
2020M11,Czechia,HICP,-0.1,111.6
2020M11,Denmark,HICP,-0.2,103.0
2020M11,Germany,HICP,-1.0,104.7
2020M11,Estonia,HICP,0.1,109.63
2020M11,Ireland,HICP,0.3,100.6
2020M11,Greece,HICP,-0.8,100.31
2020M11,Spain,HICP,0.1,104.12
2020M11,France,HICP,0.2,105.5
2020M11,Croatia,HICP,-0.2,103.36
2020M11,Italy,HICP,0.0,103.3
2020M11,Cyprus,HICP,-0.2,99.67
2020M11,Latvia,HICP,-0.3,107.97
2020M11,Lithuania,HICP,-0.1,110.49
2020M11,Luxembourg,HICP,-0.2,105.86
2020M11,Hungary,HICP,-0.2,113.72
2020M11,Malta,HICP,-3.4,103.93
2020M11,Netherlands,HICP,-1.2,106.72
2020M11,Austria,HICP,0.2,109.13
2020M11,Poland,HICP,0.0,109.5
2020M11,Portugal,HICP,-0.5,103.24
2020M11,Romania,HICP,0.0,110.7
2020M11,Slovenia,HICP,-0.6,104.56
2020M11,Slovakia,HICP,0.1,108.71
2020M11,Finland,HICP,-0.1,104.1
2020M11,Sweden,HICP,-0.1,107.91
2020M12,EU,HICP,0.3,105.97
2020M12,Belgium,HICP,0.5,108.76
2020M12,Bulgaria,HICP,0.5,106.43
2020M12,Czechia,HICP,-0.2,111.4
2020M12,Denmark,HICP,-0.2,102.8
2020M12,Germany,HICP,0.6,105.3
2020M12,Estonia,HICP,0.0,109.62
2020M12,Ireland,HICP,0.2,100.8
2020M12,Greece,HICP,0.2,100.49
2020M12,Spain,HICP,0.2,104.28
2020M12,France,HICP,0.2,105.75
2020M12,Croatia,HICP,-0.4,102.96
2020M12,Italy,HICP,0.2,103.5
2020M12,Cyprus,HICP,-0.4,99.24
2020M12,Latvia,HICP,0.0,107.95
2020M12,Lithuania,HICP,0.0,110.54
2020M12,Luxembourg,HICP,0.4,106.32
2020M12,Hungary,HICP,0.3,114.08
2020M12,Malta,HICP,-0.3,103.61
2020M12,Netherlands,HICP,0.5,107.22
2020M12,Austria,HICP,0.6,109.79
2020M12,Poland,HICP,0.3,109.8
2020M12,Portugal,HICP,-0.1,103.1
2020M12,Romania,HICP,0.6,111.32
2020M12,Slovenia,HICP,-0.1,104.48
2020M12,Slovakia,HICP,-0.1,108.65
2020M12,Finland,HICP,0.2,104.3
2020M12,Sweden,HICP,0.8,108.79
2021M01,EU,HICP,0.3,106.27
2021M01,Belgium,HICP,-0.9,107.82
2021M01,Bulgaria,HICP,0.2,106.59
2021M01,Czechia,HICP,1.3,112.9
2021M01,Denmark,HICP,0.2,103.0
2021M01,Germany,HICP,1.4,106.8
2021M01,Estonia,HICP,0.5,110.22
2021M01,Ireland,HICP,0.2,101.0
2021M01,Greece,HICP,-1.3,99.2
2021M01,Spain,HICP,-0.4,103.87
2021M01,France,HICP,0.3,106.03
2021M01,Croatia,HICP,0.1,103.08
2021M01,Italy,HICP,-0.9,102.6
2021M01,Cyprus,HICP,-0.8,98.41
2021M01,Latvia,HICP,0.4,108.36
2021M01,Lithuania,HICP,0.5,111.05
2021M01,Luxembourg,HICP,0.9,107.33
2021M01,Hungary,HICP,0.9,115.12
2021M01,Malta,HICP,-1.3,102.22
2021M01,Netherlands,HICP,-0.7,106.51
2021M01,Austria,HICP,-0.7,109.05
2021M01,Poland,HICP,0.9,110.8
2021M01,Portugal,HICP,-0.3,102.76
2021M01,Romania,HICP,0.9,112.29
2021M01,Slovenia,HICP,-0.3,104.2
2021M01,Slovakia,HICP,0.3,109.0
2021M01,Finland,HICP,0.4,104.76
2021M01,Sweden,HICP,-0.1,108.73
2021M02,EU,HICP,0.3,106.55
2021M02,Belgium,HICP,1.2,109.08
2021M02,Bulgaria,HICP,0.5,107.16
2021M02,Czechia,HICP,0.2,113.1
2021M02,Denmark,HICP,0.5,103.5
2021M02,Germany,HICP,0.6,107.4
2021M02,Estonia,HICP,0.9,111.16
2021M02,Ireland,HICP,0.3,101.3
2021M02,Greece,HICP,0.2,99.39
2021M02,Spain,HICP,-0.6,103.27
2021M02,France,HICP,0.0,106.07
2021M02,Croatia,HICP,0.2,103.32
2021M02,Italy,HICP,-0.2,102.4
2021M02,Cyprus,HICP,0.1,98.5
2021M02,Latvia,HICP,0.4,108.83
2021M02,Lithuania,HICP,0.3,111.33
2021M02,Luxembourg,HICP,-0.6,106.67
2021M02,Hungary,HICP,0.7,115.94
2021M02,Malta,HICP,0.5,102.75
2021M02,Netherlands,HICP,1.2,107.76
2021M02,Austria,HICP,0.3,109.4
2021M02,Poland,HICP,0.5,111.4
2021M02,Portugal,HICP,-0.5,102.27
2021M02,Romania,HICP,0.4,112.76
2021M02,Slovenia,HICP,0.2,104.41
2021M02,Slovakia,HICP,0.3,109.31
2021M02,Finland,HICP,0.3,105.12
2021M02,Sweden,HICP,0.3,109.11
2021M03,EU,HICP,0.9,107.46
2021M03,Belgium,HICP,0.9,110.07
2021M03,Bulgaria,HICP,0.2,107.33
2021M03,Czechia,HICP,0.2,113.3
2021M03,Denmark,HICP,0.1,103.6
2021M03,Germany,HICP,0.5,107.9
2021M03,Estonia,HICP,-0.3,110.87
2021M03,Ireland,HICP,0.9,102.2
2021M03,Greece,HICP,1.0,100.43
2021M03,Spain,HICP,1.9,105.22
2021M03,France,HICP,0.7,106.8
2021M03,Croatia,HICP,1.0,104.34
2021M03,Italy,HICP,1.8,104.2
2021M03,Cyprus,HICP,1.4,99.89
2021M03,Latvia,HICP,0.8,109.66
2021M03,Lithuania,HICP,1.0,112.43
2021M03,Luxembourg,HICP,1.8,108.59
2021M03,Hungary,HICP,0.8,116.83
2021M03,Malta,HICP,1.0,103.75
2021M03,Netherlands,HICP,0.3,108.09
2021M03,Austria,HICP,1.2,110.69
2021M03,Poland,HICP,0.9,112.4
2021M03,Portugal,HICP,1.5,103.8
2021M03,Romania,HICP,0.4,113.23
2021M03,Slovenia,HICP,0.6,105.04
2021M03,Slovakia,HICP,0.6,109.93
2021M03,Finland,HICP,0.3,105.44
2021M03,Sweden,HICP,0.1,109.22
2021M04,EU,HICP,0.6,108.08
2021M04,Belgium,HICP,0.2,110.32
2021M04,Bulgaria,HICP,0.7,108.08
2021M04,Czechia,HICP,0.6,114.0
2021M04,Denmark,HICP,0.5,104.1
2021M04,Germany,HICP,0.5,108.4
2021M04,Estonia,HICP,0.4,111.3
2021M04,Ireland,HICP,0.6,102.8
2021M04,Greece,HICP,0.9,101.29
2021M04,Spain,HICP,1.1,106.39
2021M04,France,HICP,0.2,107.02
2021M04,Croatia,HICP,0.5,104.9
2021M04,Italy,HICP,0.9,105.1
2021M04,Cyprus,HICP,0.8,100.7
2021M04,Latvia,HICP,0.9,110.65
2021M04,Lithuania,HICP,1.0,113.57
2021M04,Luxembourg,HICP,0.0,108.56
2021M04,Hungary,HICP,0.8,117.75
2021M04,Malta,HICP,2.9,106.77
2021M04,Netherlands,HICP,0.8,108.95
2021M04,Austria,HICP,0.1,110.83
2021M04,Poland,HICP,0.7,113.2
2021M04,Portugal,HICP,0.5,104.36
2021M04,Romania,HICP,0.4,113.7
2021M04,Slovenia,HICP,0.8,105.85
2021M04,Slovakia,HICP,0.2,110.1
2021M04,Finland,HICP,0.4,105.85
2021M04,Sweden,HICP,0.3,109.54
2021M05,EU,HICP,0.3,108.38
2021M05,Belgium,HICP,0.3,110.62
2021M05,Bulgaria,HICP,0.1,108.23
2021M05,Czechia,HICP,0.1,114.1
2021M05,Denmark,HICP,0.3,104.4
2021M05,Germany,HICP,0.3,108.7
2021M05,Estonia,HICP,1.0,112.38
2021M05,Ireland,HICP,0.2,103.0
2021M05,Greece,HICP,-0.3,100.98
2021M05,Spain,HICP,0.5,106.95
2021M05,France,HICP,0.3,107.38
2021M05,Croatia,HICP,0.1,105.01
2021M05,Italy,HICP,-0.1,105.0
2021M05,Cyprus,HICP,0.4,101.15
2021M05,Latvia,HICP,0.6,111.27
2021M05,Lithuania,HICP,0.5,114.19
2021M05,Luxembourg,HICP,0.4,109.02
2021M05,Hungary,HICP,0.6,118.4
2021M05,Malta,HICP,1.3,108.19
2021M05,Netherlands,HICP,0.1,109.11
2021M05,Austria,HICP,0.2,111.04
2021M05,Poland,HICP,0.4,113.6
2021M05,Portugal,HICP,0.3,104.7
2021M05,Romania,HICP,0.6,114.34
2021M05,Slovenia,HICP,0.7,106.62
2021M05,Slovakia,HICP,0.6,110.78
2021M05,Finland,HICP,0.0,105.88
2021M05,Sweden,HICP,0.2,109.79
2021M06,EU,HICP,0.2,108.65
2021M06,Belgium,HICP,0.4,111.11
2021M06,Bulgaria,HICP,0.0,108.2
2021M06,Czechia,HICP,0.4,114.5
2021M06,Denmark,HICP,0.1,104.5
2021M06,Germany,HICP,0.4,109.1
2021M06,Estonia,HICP,1.2,113.76
2021M06,Ireland,HICP,0.1,103.1
2021M06,Greece,HICP,1.2,102.17
2021M06,Spain,HICP,0.5,107.46
2021M06,France,HICP,0.2,107.57
2021M06,Croatia,HICP,0.4,105.4
2021M06,Italy,HICP,0.2,105.2
2021M06,Cyprus,HICP,1.0,102.17
2021M06,Latvia,HICP,0.3,111.6
2021M06,Lithuania,HICP,0.5,114.74
2021M06,Luxembourg,HICP,0.3,109.35
2021M06,Hungary,HICP,0.4,118.93
2021M06,Malta,HICP,1.4,109.66
2021M06,Netherlands,HICP,0.1,109.27
2021M06,Austria,HICP,0.2,111.28
2021M06,Poland,HICP,0.1,113.7
2021M06,Portugal,HICP,0.2,104.91
2021M06,Romania,HICP,0.2,114.62
2021M06,Slovenia,HICP,0.4,107.03
2021M06,Slovakia,HICP,0.4,111.19
2021M06,Finland,HICP,-0.1,105.75
2021M06,Sweden,HICP,0.1,109.87
2021M07,EU,HICP,0.0,108.68
2021M07,Belgium,HICP,-0.5,110.58
2021M07,Bulgaria,HICP,0.7,108.97
2021M07,Czechia,HICP,0.7,115.3
2021M07,Denmark,HICP,0.8,105.3
2021M07,Germany,HICP,0.5,109.7
2021M07,Estonia,HICP,1.2,115.07
2021M07,Ireland,HICP,0.4,103.5
2021M07,Greece,HICP,-1.3,100.83
2021M07,Spain,HICP,-1.2,106.18
2021M07,France,HICP,0.1,107.64
2021M07,Croatia,HICP,0.9,106.3
2021M07,Italy,HICP,-1.0,104.1
2021M07,Cyprus,HICP,0.2,102.4
2021M07,Latvia,HICP,0.4,112.04
2021M07,Lithuania,HICP,0.5,115.3
2021M07,Luxembourg,HICP,-0.4,108.92
2021M07,Hungary,HICP,0.6,119.59
2021M07,Malta,HICP,0.2,109.88
2021M07,Netherlands,HICP,0.6,109.96
2021M07,Austria,HICP,-0.1,111.18
2021M07,Poland,HICP,0.4,114.2
2021M07,Portugal,HICP,-0.4,104.53
2021M07,Romania,HICP,0.5,115.15
2021M07,Slovenia,HICP,0.1,107.1
2021M07,Slovakia,HICP,0.5,111.7
2021M07,Finland,HICP,0.2,105.97
2021M07,Sweden,HICP,0.3,110.18
2021M08,EU,HICP,0.3,109.04
2021M08,Belgium,HICP,1.7,112.41
2021M08,Bulgaria,HICP,0.7,109.73
2021M08,Czechia,HICP,0.4,115.8
2021M08,Denmark,HICP,-0.3,105.0
2021M08,Germany,HICP,0.1,109.8
2021M08,Estonia,HICP,0.7,115.86
2021M08,Ireland,HICP,0.7,104.2
2021M08,Greece,HICP,-0.1,100.68
2021M08,Spain,HICP,0.4,106.65
2021M08,France,HICP,0.7,108.38
2021M08,Croatia,HICP,0.2,106.51
2021M08,Italy,HICP,0.2,104.3
2021M08,Cyprus,HICP,1.4,103.86
2021M08,Latvia,HICP,0.4,112.46
2021M08,Lithuania,HICP,0.4,115.79
2021M08,Luxembourg,HICP,1.1,110.08
2021M08,Hungary,HICP,0.2,119.86
2021M08,Malta,HICP,0.8,110.77
2021M08,Netherlands,HICP,0.5,110.54
2021M08,Austria,HICP,0.0,111.23
2021M08,Poland,HICP,0.3,114.5
2021M08,Portugal,HICP,-0.1,104.41
2021M08,Romania,HICP,0.2,115.35
2021M08,Slovenia,HICP,0.1,107.19
2021M08,Slovakia,HICP,0.2,111.97
2021M08,Finland,HICP,0.0,106.0
2021M08,Sweden,HICP,0.5,110.72
2021M09,EU,HICP,0.5,109.57
2021M09,Belgium,HICP,-0.1,112.35
2021M09,Bulgaria,HICP,0.2,109.92
2021M09,Czechia,HICP,0.3,116.1
2021M09,Denmark,HICP,0.4,105.4
2021M09,Germany,HICP,0.3,110.1
2021M09,Estonia,HICP,1.2,117.25
2021M09,Ireland,HICP,0.4,104.6
2021M09,Greece,HICP,2.1,102.83
2021M09,Spain,HICP,1.1,107.87
2021M09,France,HICP,-0.2,108.16
2021M09,Croatia,HICP,0.3,106.8
2021M09,Italy,HICP,1.3,105.7
2021M09,Cyprus,HICP,-0.5,103.31
2021M09,Latvia,HICP,1.0,113.53
2021M09,Lithuania,HICP,1.7,117.72
2021M09,Luxembourg,HICP,0.3,110.4
2021M09,Hungary,HICP,0.1,120.01
2021M09,Malta,HICP,-0.9,109.72
2021M09,Netherlands,HICP,-0.2,110.37
2021M09,Austria,HICP,0.9,112.23
2021M09,Poland,HICP,0.7,115.3
2021M09,Portugal,HICP,0.8,105.29
2021M09,Romania,HICP,0.8,116.31
2021M09,Slovenia,HICP,0.5,107.72
2021M09,Slovakia,HICP,0.8,112.82
2021M09,Finland,HICP,0.2,106.26
2021M09,Sweden,HICP,0.5,111.29
2021M10,EU,HICP,0.9,110.54
2021M10,Belgium,HICP,1.8,114.33
2021M10,Bulgaria,HICP,1.3,111.35
2021M10,Czechia,HICP,0.9,117.1
2021M10,Denmark,HICP,1.0,106.5
2021M10,Germany,HICP,0.5,110.7
2021M10,Estonia,HICP,-0.2,116.96
2021M10,Ireland,HICP,0.8,105.4
2021M10,Greece,HICP,1.1,104.0
2021M10,Spain,HICP,1.6,109.6
2021M10,France,HICP,0.4,108.64
2021M10,Croatia,HICP,0.8,107.65
2021M10,Italy,HICP,0.9,106.6
2021M10,Cyprus,HICP,0.9,104.24
2021M10,Latvia,HICP,1.1,114.78
2021M10,Lithuania,HICP,1.7,119.69
2021M10,Luxembourg,HICP,1.2,111.75
2021M10,Hungary,HICP,1.1,121.38
2021M10,Malta,HICP,-0.6,109.01
2021M10,Netherlands,HICP,1.6,112.1
2021M10,Austria,HICP,0.7,113.03
2021M10,Poland,HICP,1.0,116.5
2021M10,Portugal,HICP,0.4,105.69
2021M10,Romania,HICP,1.3,117.85
2021M10,Slovenia,HICP,1.1,108.9
2021M10,Slovakia,HICP,0.5,113.4
2021M10,Finland,HICP,0.8,107.14
2021M10,Sweden,HICP,0.2,111.53
2021M11,EU,HICP,0.5,111.07
2021M11,Belgium,HICP,1.4,115.95
2021M11,Bulgaria,HICP,1.1,112.54
2021M11,Czechia,HICP,-0.1,117.0
2021M11,Denmark,HICP,0.4,106.9
2021M11,Germany,HICP,0.3,111.0
2021M11,Estonia,HICP,1.8,119.02
2021M11,Ireland,HICP,0.6,106.0
2021M11,Greece,HICP,0.3,104.35
2021M11,Spain,HICP,0.2,109.87
2021M11,France,HICP,0.4,109.09
2021M11,Croatia,HICP,0.5,108.18
2021M11,Italy,HICP,0.7,107.3
2021M11,Cyprus,HICP,0.1,104.37
2021M11,Latvia,HICP,1.1,115.99
2021M11,Lithuania,HICP,0.9,120.76
2021M11,Luxembourg,HICP,0.7,112.56
2021M11,Hungary,HICP,0.7,122.2
2021M11,Malta,HICP,-2.4,106.38
2021M11,Netherlands,HICP,0.8,113.02
2021M11,Austria,HICP,0.5,113.62
2021M11,Poland,HICP,0.9,117.6
2021M11,Portugal,HICP,0.3,105.96
2021M11,Romania,HICP,0.3,118.15
2021M11,Slovenia,HICP,0.7,109.71
2021M11,Slovakia,HICP,0.5,113.96
2021M11,Finland,HICP,0.5,107.72
2021M11,Sweden,HICP,0.6,112.15
2021M12,EU,HICP,0.5,111.59
2021M12,Belgium,HICP,0.0,115.93
2021M12,Bulgaria,HICP,0.8,113.44
2021M12,Czechia,HICP,0.3,117.4
2021M12,Denmark,HICP,-0.6,106.3
2021M12,Germany,HICP,0.3,111.3
2021M12,Estonia,HICP,3.2,122.81
2021M12,Ireland,HICP,0.5,106.5
2021M12,Greece,HICP,0.5,104.87
2021M12,Spain,HICP,1.1,111.13
2021M12,France,HICP,0.2,109.34
2021M12,Croatia,HICP,0.1,108.31
2021M12,Italy,HICP,0.5,107.8
2021M12,Cyprus,HICP,-0.3,104.04
2021M12,Latvia,HICP,0.4,116.46
2021M12,Lithuania,HICP,1.3,122.37
2021M12,Luxembourg,HICP,-0.4,112.11
2021M12,Hungary,HICP,0.3,122.51
2021M12,Malta,HICP,0.0,106.33
2021M12,Netherlands,HICP,0.9,114.09
2021M12,Austria,HICP,0.3,113.95
2021M12,Poland,HICP,0.9,118.6
2021M12,Portugal,HICP,0.0,105.97
2021M12,Romania,HICP,0.5,118.76
2021M12,Slovenia,HICP,0.1,109.83
2021M12,Slovakia,HICP,0.2,114.15
2021M12,Finland,HICP,-0.1,107.6
2021M12,Sweden,HICP,1.4,113.71
