time,country,type,value,date
2021M01,EU,Total,258783.609,2021-01-01
2021M01,EU,Combustible fuels,2851.936,2021-01-01
2021M01,EU,Coal,39366.991,2021-01-01
2021M01,EU,Natural gas,40148.992,2021-01-01
2021M01,EU,Nuclear,67819.636,2021-01-01
2021M01,Belgium,Total,8431.731,2021-01-01
2021M01,Belgium,Combustible fuels,87.051,2021-01-01
2021M01,Belgium,Coal,95.473,2021-01-01
2021M01,Belgium,Natural gas,2548.445,2021-01-01
2021M01,Belgium,Nuclear,3873.052,2021-01-01
2021M01,Bulgaria,Total,3804.868,2021-01-01
2021M01,Bulgaria,Combustible fuels,0.0,2021-01-01
2021M01,Bulgaria,Coal,1065.492,2021-01-01
2021M01,Bulgaria,Natural gas,331.268,2021-01-01
2021M01,Bulgaria,Nuclear,1457.399,2021-01-01
2021M01,Czechia,Total,7729.245,2021-01-01
2021M01,Czechia,Combustible fuels,8.129,2021-01-01
2021M01,Czechia,Coal,3477.501,2021-01-01
2021M01,Czechia,Natural gas,800.31,2021-01-01
2021M01,Czechia,Nuclear,2596.919,2021-01-01
2021M01,Denmark,Total,3259.141,2021-01-01
2021M01,Denmark,Combustible fuels,79.616,2021-01-01
2021M01,Denmark,Coal,880.016,2021-01-01
2021M01,Denmark,Natural gas,282.242,2021-01-01
2021M01,Denmark,Nuclear,0.0,2021-01-01
2021M01,Germany,Total,48096.675,2021-01-01
2021M01,Germany,Combustible fuels,1298.789,2021-01-01
2021M01,Germany,Coal,16151.663,2021-01-01
2021M01,Germany,Natural gas,8820.575,2021-01-01
2021M01,Germany,Nuclear,5925.936,2021-01-01
2021M01,Estonia,Total,578.564,2021-01-01
2021M01,Estonia,Combustible fuels,420.0,2021-01-01
2021M01,Estonia,Coal,0.0,2021-01-01
2021M01,Estonia,Natural gas,0.0,2021-01-01
2021M01,Estonia,Nuclear,0.0,2021-01-01
2021M01,Ireland,Total,2861.821,2021-01-01
2021M01,Ireland,Combustible fuels,85.71,2021-01-01
2021M01,Ireland,Coal,273.395,2021-01-01
2021M01,Ireland,Natural gas,1317.913,2021-01-01
2021M01,Ireland,Nuclear,0.0,2021-01-01
2021M01,Greece,Total,4939.066,2021-01-01
2021M01,Greece,Combustible fuels,0.19,2021-01-01
2021M01,Greece,Coal,582.289,2021-01-01
2021M01,Greece,Natural gas,1704.146,2021-01-01
2021M01,Greece,Nuclear,0.0,2021-01-01
2021M01,Spain,Total,24301.478,2021-01-01
2021M01,Spain,Combustible fuels,182.932,2021-01-01
2021M01,Spain,Coal,557.915,2021-01-01
2021M01,Spain,Natural gas,4612.988,2021-01-01
2021M01,Spain,Nuclear,5199.741,2021-01-01
2021M01,France,Total,56232.714,2021-01-01
2021M01,France,Combustible fuels,0.0,2021-01-01
2021M01,France,Coal,1486.372,2021-01-01
2021M01,France,Natural gas,5103.153,2021-01-01
2021M01,France,Nuclear,37176.882,2021-01-01
2021M01,Croatia,Total,1785.782,2021-01-01
2021M01,Croatia,Combustible fuels,0.0,2021-01-01
2021M01,Croatia,Coal,119.742,2021-01-01
2021M01,Croatia,Natural gas,322.961,2021-01-01
2021M01,Croatia,Nuclear,0.0,2021-01-01
2021M01,Italy,Total,23904.0,2021-01-01
2021M01,Italy,Combustible fuels,0.0,2021-01-01
2021M01,Italy,Coal,0.0,2021-01-01
2021M01,Italy,Natural gas,0.0,2021-01-01
2021M01,Italy,Nuclear,0.0,2021-01-01
2021M01,Cyprus,Total,390.298,2021-01-01
2021M01,Cyprus,Combustible fuels,0.0,2021-01-01
2021M01,Cyprus,Coal,0.0,2021-01-01
2021M01,Cyprus,Natural gas,0.0,2021-01-01
2021M01,Cyprus,Nuclear,0.0,2021-01-01
2021M01,Latvia,Total,606.0,2021-01-01
2021M01,Latvia,Combustible fuels,0.0,2021-01-01
2021M01,Latvia,Coal,0.0,2021-01-01
2021M01,Latvia,Natural gas,327.0,2021-01-01
2021M01,Latvia,Nuclear,0.0,2021-01-01
2021M01,Lithuania,Total,364.079,2021-01-01
2021M01,Lithuania,Combustible fuels,5.349,2021-01-01
2021M01,Lithuania,Coal,0.0,2021-01-01
2021M01,Lithuania,Natural gas,106.944,2021-01-01
2021M01,Lithuania,Nuclear,0.0,2021-01-01
2021M01,Luxembourg,Total,193.4,2021-01-01
2021M01,Luxembourg,Combustible fuels,4.072,2021-01-01
2021M01,Luxembourg,Coal,0.0,2021-01-01
2021M01,Luxembourg,Natural gas,23.464,2021-01-01
2021M01,Luxembourg,Nuclear,0.0,2021-01-01
2021M01,Hungary,Total,3016.221,2021-01-01
2021M01,Hungary,Combustible fuels,26.232,2021-01-01
2021M01,Hungary,Coal,214.468,2021-01-01
2021M01,Hungary,Natural gas,1007.502,2021-01-01
2021M01,Hungary,Nuclear,1442.948,2021-01-01
2021M01,Malta,Total,140.932,2021-01-01
2021M01,Malta,Combustible fuels,0.0,2021-01-01
2021M01,Malta,Coal,0.0,2021-01-01
2021M01,Malta,Natural gas,127.391,2021-01-01
2021M01,Malta,Nuclear,0.0,2021-01-01
2021M01,Netherlands,Total,11288.091,2021-01-01
2021M01,Netherlands,Combustible fuels,139.127,2021-01-01
2021M01,Netherlands,Coal,1588.943,2021-01-01
2021M01,Netherlands,Natural gas,6086.971,2021-01-01
2021M01,Netherlands,Nuclear,357.827,2021-01-01
2021M01,Austria,Total,5408.415,2021-01-01
2021M01,Austria,Combustible fuels,54.612,2021-01-01
2021M01,Austria,Coal,167.793,2021-01-01
2021M01,Austria,Natural gas,1471.139,2021-01-01
2021M01,Austria,Nuclear,0.0,2021-01-01
2021M01,Poland,Total,14326.307,2021-01-01
2021M01,Poland,Combustible fuels,88.001,2021-01-01
2021M01,Poland,Coal,10518.363,2021-01-01
2021M01,Poland,Natural gas,1560.463,2021-01-01
2021M01,Poland,Nuclear,0.0,2021-01-01
2021M01,Portugal,Total,5236.345,2021-01-01
2021M01,Portugal,Combustible fuels,26.071,2021-01-01
2021M01,Portugal,Coal,187.984,2021-01-01
2021M01,Portugal,Natural gas,1204.294,2021-01-01
2021M01,Portugal,Nuclear,0.0,2021-01-01
2021M01,Romania,Total,4706.0,2021-01-01
2021M01,Romania,Combustible fuels,0.0,2021-01-01
2021M01,Romania,Coal,732.0,2021-01-01
2021M01,Romania,Natural gas,969.0,2021-01-01
2021M01,Romania,Nuclear,847.0,2021-01-01
2021M01,Slovenia,Total,1434.398,2021-01-01
2021M01,Slovenia,Combustible fuels,0.715,2021-01-01
2021M01,Slovenia,Coal,378.572,2021-01-01
2021M01,Slovenia,Natural gas,48.593,2021-01-01
2021M01,Slovenia,Nuclear,516.967,2021-01-01
2021M01,Slovakia,Total,2555.0,2021-01-01
2021M01,Slovakia,Combustible fuels,68.0,2021-01-01
2021M01,Slovakia,Coal,140.0,2021-01-01
2021M01,Slovakia,Natural gas,481.0,2021-01-01
2021M01,Slovakia,Nuclear,1362.0,2021-01-01
2021M01,Finland,Total,6875.414,2021-01-01
2021M01,Finland,Combustible fuels,78.0,2021-01-01
2021M01,Finland,Coal,747.0,2021-01-01
2021M01,Finland,Natural gas,796.0,2021-01-01
2021M01,Finland,Nuclear,2081.685,2021-01-01
2021M01,Sweden,Total,16317.624,2021-01-01
2021M01,Sweden,Combustible fuels,199.34,2021-01-01
2021M01,Sweden,Coal,2.01,2021-01-01
2021M01,Sweden,Natural gas,95.23,2021-01-01
2021M01,Sweden,Nuclear,4981.28,2021-01-01
2021M02,EU,Total,231412.185,2021-02-01
2021M02,EU,Combustible fuels,2756.413,2021-02-01
2021M02,EU,Coal,30355.516,2021-02-01
2021M02,EU,Natural gas,32657.95,2021-02-01
2021M02,EU,Nuclear,58454.832,2021-02-01
2021M02,Belgium,Total,8125.942,2021-02-01
2021M02,Belgium,Combustible fuels,79.609,2021-02-01
2021M02,Belgium,Coal,54.493,2021-02-01
2021M02,Belgium,Natural gas,1971.828,2021-02-01
2021M02,Belgium,Nuclear,4029.662,2021-02-01
2021M02,Bulgaria,Total,3450.609,2021-02-01
2021M02,Bulgaria,Combustible fuels,0.0,2021-02-01
2021M02,Bulgaria,Coal,886.31,2021-02-01
2021M02,Bulgaria,Natural gas,294.147,2021-02-01
2021M02,Bulgaria,Nuclear,1354.824,2021-02-01
2021M02,Czechia,Total,6781.616,2021-02-01
2021M02,Czechia,Combustible fuels,7.804,2021-02-01
2021M02,Czechia,Coal,2815.21,2021-02-01
2021M02,Czechia,Natural gas,704.625,2021-02-01
2021M02,Czechia,Nuclear,2335.891,2021-02-01
2021M02,Denmark,Total,3329.654,2021-02-01
2021M02,Denmark,Combustible fuels,62.072,2021-02-01
2021M02,Denmark,Coal,730.135,2021-02-01
2021M02,Denmark,Natural gas,246.727,2021-02-01
2021M02,Denmark,Nuclear,0.0,2021-02-01
2021M02,Germany,Total,43466.436,2021-02-01
2021M02,Germany,Combustible fuels,1264.168,2021-02-01
2021M02,Germany,Coal,11612.285,2021-02-01
2021M02,Germany,Natural gas,8076.368,2021-02-01
2021M02,Germany,Nuclear,5369.449,2021-02-01
2021M02,Estonia,Total,574.5,2021-02-01
2021M02,Estonia,Combustible fuels,428.3,2021-02-01
2021M02,Estonia,Coal,0.0,2021-02-01
2021M02,Estonia,Natural gas,0.0,2021-02-01
2021M02,Estonia,Nuclear,0.0,2021-02-01
2021M02,Ireland,Total,2616.011,2021-02-01
2021M02,Ireland,Combustible fuels,71.445,2021-02-01
2021M02,Ireland,Coal,91.284,2021-02-01
2021M02,Ireland,Natural gas,909.638,2021-02-01
2021M02,Ireland,Nuclear,0.0,2021-02-01
2021M02,Greece,Total,3908.699,2021-02-01
2021M02,Greece,Combustible fuels,0.17,2021-02-01
2021M02,Greece,Coal,517.47,2021-02-01
2021M02,Greece,Natural gas,923.88,2021-02-01
2021M02,Greece,Nuclear,0.0,2021-02-01
2021M02,Spain,Total,21133.412,2021-02-01
2021M02,Spain,Combustible fuels,172.74,2021-02-01
2021M02,Spain,Coal,176.467,2021-02-01
2021M02,Spain,Natural gas,2930.363,2021-02-01
2021M02,Spain,Nuclear,4358.515,2021-02-01
2021M02,France,Total,47758.77,2021-02-01
2021M02,France,Combustible fuels,0.0,2021-02-01
2021M02,France,Coal,654.899,2021-02-01
2021M02,France,Natural gas,4188.099,2021-02-01
2021M02,France,Nuclear,30337.834,2021-02-01
2021M02,Croatia,Total,1541.263,2021-02-01
2021M02,Croatia,Combustible fuels,0.0,2021-02-01
2021M02,Croatia,Coal,118.24,2021-02-01
2021M02,Croatia,Natural gas,246.063,2021-02-01
2021M02,Croatia,Nuclear,0.0,2021-02-01
2021M02,Italy,Total,20655.0,2021-02-01
2021M02,Italy,Combustible fuels,0.0,2021-02-01
2021M02,Italy,Coal,0.0,2021-02-01
2021M02,Italy,Natural gas,0.0,2021-02-01
2021M02,Italy,Nuclear,0.0,2021-02-01
2021M02,Cyprus,Total,337.697,2021-02-01
2021M02,Cyprus,Combustible fuels,0.0,2021-02-01
2021M02,Cyprus,Coal,0.0,2021-02-01
2021M02,Cyprus,Natural gas,0.0,2021-02-01
2021M02,Cyprus,Nuclear,0.0,2021-02-01
2021M02,Latvia,Total,590.0,2021-02-01
2021M02,Latvia,Combustible fuels,0.0,2021-02-01
2021M02,Latvia,Coal,0.0,2021-02-01
2021M02,Latvia,Natural gas,316.0,2021-02-01
2021M02,Latvia,Nuclear,0.0,2021-02-01
2021M02,Lithuania,Total,362.512,2021-02-01
2021M02,Lithuania,Combustible fuels,6.373,2021-02-01
2021M02,Lithuania,Coal,0.0,2021-02-01
2021M02,Lithuania,Natural gas,108.658,2021-02-01
2021M02,Lithuania,Nuclear,0.0,2021-02-01
2021M02,Luxembourg,Total,185.617,2021-02-01
2021M02,Luxembourg,Combustible fuels,3.814,2021-02-01
2021M02,Luxembourg,Coal,0.0,2021-02-01
2021M02,Luxembourg,Natural gas,20.266,2021-02-01
2021M02,Luxembourg,Nuclear,0.0,2021-02-01
2021M02,Hungary,Total,2644.471,2021-02-01
2021M02,Hungary,Combustible fuels,26.019,2021-02-01
2021M02,Hungary,Coal,190.235,2021-02-01
2021M02,Hungary,Natural gas,760.581,2021-02-01
2021M02,Hungary,Nuclear,1290.345,2021-02-01
2021M02,Malta,Total,146.094,2021-02-01
2021M02,Malta,Combustible fuels,0.0,2021-02-01
2021M02,Malta,Coal,0.0,2021-02-01
2021M02,Malta,Natural gas,127.005,2021-02-01
2021M02,Malta,Nuclear,0.0,2021-02-01
2021M02,Netherlands,Total,10601.683,2021-02-01
2021M02,Netherlands,Combustible fuels,101.259,2021-02-01
2021M02,Netherlands,Coal,1036.376,2021-02-01
2021M02,Netherlands,Natural gas,5860.451,2021-02-01
2021M02,Netherlands,Nuclear,321.089,2021-02-01
2021M02,Austria,Total,5240.045,2021-02-01
2021M02,Austria,Combustible fuels,48.682,2021-02-01
2021M02,Austria,Coal,160.367,2021-02-01
2021M02,Austria,Natural gas,1150.02,2021-02-01
2021M02,Austria,Nuclear,0.0,2021-02-01
2021M02,Poland,Total,12813.435,2021-02-01
2021M02,Poland,Combustible fuels,102.49,2021-02-01
2021M02,Poland,Coal,9328.132,2021-02-01
2021M02,Poland,Natural gas,1218.962,2021-02-01
2021M02,Poland,Nuclear,0.0,2021-02-01
2021M02,Portugal,Total,5309.484,2021-02-01
2021M02,Portugal,Combustible fuels,20.004,2021-02-01
2021M02,Portugal,Coal,25.089,2021-02-01
2021M02,Portugal,Natural gas,528.557,2021-02-01
2021M02,Portugal,Nuclear,0.0,2021-02-01
2021M02,Romania,Total,4697.0,2021-02-01
2021M02,Romania,Combustible fuels,0.0,2021-02-01
2021M02,Romania,Coal,771.0,2021-02-01
2021M02,Romania,Natural gas,802.0,2021-02-01
2021M02,Romania,Nuclear,859.0,2021-02-01
2021M02,Slovenia,Total,1308.584,2021-02-01
2021M02,Slovenia,Combustible fuels,0.784,2021-02-01
2021M02,Slovenia,Coal,305.154,2021-02-01
2021M02,Slovenia,Natural gas,46.442,2021-02-01
2021M02,Slovenia,Nuclear,467.199,2021-02-01
2021M02,Slovakia,Total,2498.0,2021-02-01
2021M02,Slovakia,Combustible fuels,123.0,2021-02-01
2021M02,Slovakia,Coal,121.0,2021-02-01
2021M02,Slovakia,Natural gas,432.0,2021-02-01
2021M02,Slovakia,Nuclear,1226.0,2021-02-01
2021M02,Finland,Total,6516.907,2021-02-01
2021M02,Finland,Combustible fuels,66.0,2021-02-01
2021M02,Finland,Coal,757.0,2021-02-01
2021M02,Finland,Natural gas,711.0,2021-02-01
2021M02,Finland,Nuclear,1879.944,2021-02-01
2021M02,Sweden,Total,14818.744,2021-02-01
2021M02,Sweden,Combustible fuels,171.68,2021-02-01
2021M02,Sweden,Coal,4.37,2021-02-01
2021M02,Sweden,Natural gas,84.27,2021-02-01
2021M02,Sweden,Nuclear,4625.08,2021-02-01
2021M03,EU,Total,240950.573,2021-03-01
2021M03,EU,Combustible fuels,2584.475,2021-03-01
2021M03,EU,Coal,30842.89,2021-03-01
2021M03,EU,Natural gas,35134.168,2021-03-01
2021M03,EU,Nuclear,61916.856,2021-03-01
2021M03,Belgium,Total,8977.781,2021-03-01
2021M03,Belgium,Combustible fuels,87.838,2021-03-01
2021M03,Belgium,Coal,153.086,2021-03-01
2021M03,Belgium,Natural gas,2209.959,2021-03-01
2021M03,Belgium,Nuclear,4385.725,2021-03-01
2021M03,Bulgaria,Total,3917.608,2021-03-01
2021M03,Bulgaria,Combustible fuels,0.0,2021-03-01
2021M03,Bulgaria,Coal,1081.542,2021-03-01
2021M03,Bulgaria,Natural gas,319.957,2021-03-01
2021M03,Bulgaria,Nuclear,1510.119,2021-03-01
2021M03,Czechia,Total,7027.446,2021-03-01
2021M03,Czechia,Combustible fuels,7.063,2021-03-01
2021M03,Czechia,Coal,2711.715,2021-03-01
2021M03,Czechia,Natural gas,839.285,2021-03-01
2021M03,Czechia,Nuclear,2456.864,2021-03-01
2021M03,Denmark,Total,3070.302,2021-03-01
2021M03,Denmark,Combustible fuels,67.084,2021-03-01
2021M03,Denmark,Coal,523.876,2021-03-01
2021M03,Denmark,Natural gas,168.734,2021-03-01
2021M03,Denmark,Nuclear,0.0,2021-03-01
2021M03,Germany,Total,46341.48,2021-03-01
2021M03,Germany,Combustible fuels,1262.113,2021-03-01
2021M03,Germany,Coal,11708.671,2021-03-01
2021M03,Germany,Natural gas,7981.264,2021-03-01
2021M03,Germany,Nuclear,5503.866,2021-03-01
2021M03,Estonia,Total,394.4,2021-03-01
2021M03,Estonia,Combustible fuels,170.0,2021-03-01
2021M03,Estonia,Coal,0.0,2021-03-01
2021M03,Estonia,Natural gas,0.0,2021-03-01
2021M03,Estonia,Nuclear,0.0,2021-03-01
2021M03,Ireland,Total,2603.81,2021-03-01
2021M03,Ireland,Combustible fuels,92.026,2021-03-01
2021M03,Ireland,Coal,127.938,2021-03-01
2021M03,Ireland,Natural gas,1237.609,2021-03-01
2021M03,Ireland,Nuclear,0.0,2021-03-01
2021M03,Greece,Total,3998.58,2021-03-01
2021M03,Greece,Combustible fuels,0.1,2021-03-01
2021M03,Greece,Coal,644.07,2021-03-01
2021M03,Greece,Natural gas,1410.449,2021-03-01
2021M03,Greece,Nuclear,0.0,2021-03-01
2021M03,Spain,Total,22092.639,2021-03-01
2021M03,Spain,Combustible fuels,184.342,2021-03-01
2021M03,Spain,Coal,242.255,2021-03-01
2021M03,Spain,Natural gas,3894.281,2021-03-01
2021M03,Spain,Nuclear,4833.136,2021-03-01
2021M03,France,Total,48425.693,2021-03-01
2021M03,France,Combustible fuels,0.0,2021-03-01
2021M03,France,Coal,573.678,2021-03-01
2021M03,France,Natural gas,4438.706,2021-03-01
2021M03,France,Nuclear,31695.35,2021-03-01
2021M03,Croatia,Total,1401.027,2021-03-01
2021M03,Croatia,Combustible fuels,0.0,2021-03-01
2021M03,Croatia,Coal,136.189,2021-03-01
2021M03,Croatia,Natural gas,265.781,2021-03-01
2021M03,Croatia,Nuclear,0.0,2021-03-01
2021M03,Italy,Total,22395.0,2021-03-01
2021M03,Italy,Combustible fuels,0.0,2021-03-01
2021M03,Italy,Coal,0.0,2021-03-01
2021M03,Italy,Natural gas,0.0,2021-03-01
2021M03,Italy,Nuclear,0.0,2021-03-01
2021M03,Cyprus,Total,347.749,2021-03-01
2021M03,Cyprus,Combustible fuels,0.0,2021-03-01
2021M03,Cyprus,Coal,0.0,2021-03-01
2021M03,Cyprus,Natural gas,0.0,2021-03-01
2021M03,Cyprus,Nuclear,0.0,2021-03-01
2021M03,Latvia,Total,704.0,2021-03-01
2021M03,Latvia,Combustible fuels,0.0,2021-03-01
2021M03,Latvia,Coal,0.0,2021-03-01
2021M03,Latvia,Natural gas,218.0,2021-03-01
2021M03,Latvia,Nuclear,0.0,2021-03-01
2021M03,Lithuania,Total,400.147,2021-03-01
2021M03,Lithuania,Combustible fuels,6.029,2021-03-01
2021M03,Lithuania,Coal,0.0,2021-03-01
2021M03,Lithuania,Natural gas,94.992,2021-03-01
2021M03,Lithuania,Nuclear,0.0,2021-03-01
2021M03,Luxembourg,Total,204.986,2021-03-01
2021M03,Luxembourg,Combustible fuels,4.273,2021-03-01
2021M03,Luxembourg,Coal,0.0,2021-03-01
2021M03,Luxembourg,Natural gas,19.304,2021-03-01
2021M03,Luxembourg,Nuclear,0.0,2021-03-01
2021M03,Hungary,Total,2978.566,2021-03-01
2021M03,Hungary,Combustible fuels,28.932,2021-03-01
2021M03,Hungary,Coal,206.631,2021-03-01
2021M03,Hungary,Natural gas,745.602,2021-03-01
2021M03,Hungary,Nuclear,1415.245,2021-03-01
2021M03,Malta,Total,154.475,2021-03-01
2021M03,Malta,Combustible fuels,0.0,2021-03-01
2021M03,Malta,Coal,0.0,2021-03-01
2021M03,Malta,Natural gas,130.865,2021-03-01
2021M03,Malta,Nuclear,0.0,2021-03-01
2021M03,Netherlands,Total,11279.301,2021-03-01
2021M03,Netherlands,Combustible fuels,132.047,2021-03-01
2021M03,Netherlands,Coal,1210.889,2021-03-01
2021M03,Netherlands,Natural gas,6070.745,2021-03-01
2021M03,Netherlands,Nuclear,359.731,2021-03-01
2021M03,Austria,Total,5126.138,2021-03-01
2021M03,Austria,Combustible fuels,40.699,2021-03-01
2021M03,Austria,Coal,182.632,2021-03-01
2021M03,Austria,Natural gas,1115.075,2021-03-01
2021M03,Austria,Nuclear,0.0,2021-03-01
2021M03,Poland,Total,13279.768,2021-03-01
2021M03,Poland,Combustible fuels,100.772,2021-03-01
2021M03,Poland,Coal,9461.279,2021-03-01
2021M03,Poland,Natural gas,1176.306,2021-03-01
2021M03,Poland,Nuclear,0.0,2021-03-01
2021M03,Portugal,Total,4494.866,2021-03-01
2021M03,Portugal,Combustible fuels,25.659,2021-03-01
2021M03,Portugal,Coal,28.322,2021-03-01
2021M03,Portugal,Natural gas,841.346,2021-03-01
2021M03,Portugal,Nuclear,0.0,2021-03-01
2021M03,Romania,Total,4953.0,2021-03-01
2021M03,Romania,Combustible fuels,0.0,2021-03-01
2021M03,Romania,Coal,743.0,2021-03-01
2021M03,Romania,Natural gas,857.0,2021-03-01
2021M03,Romania,Nuclear,953.0,2021-03-01
2021M03,Slovenia,Total,1332.432,2021-03-01
2021M03,Slovenia,Combustible fuels,0.818,2021-03-01
2021M03,Slovenia,Coal,369.927,2021-03-01
2021M03,Slovenia,Natural gas,46.928,2021-03-01
2021M03,Slovenia,Nuclear,514.646,2021-03-01
2021M03,Slovakia,Total,2458.0,2021-03-01
2021M03,Slovakia,Combustible fuels,128.0,2021-03-01
2021M03,Slovakia,Coal,109.0,2021-03-01
2021M03,Slovakia,Natural gas,481.0,2021-03-01
2021M03,Slovakia,Nuclear,1181.0,2021-03-01
2021M03,Finland,Total,6754.774,2021-03-01
2021M03,Finland,Combustible fuels,73.0,2021-03-01
2021M03,Finland,Coal,628.0,2021-03-01
2021M03,Finland,Natural gas,559.0,2021-03-01
2021M03,Finland,Nuclear,2081.614,2021-03-01
2021M03,Sweden,Total,15836.605,2021-03-01
2021M03,Sweden,Combustible fuels,173.68,2021-03-01
2021M03,Sweden,Coal,0.19,2021-03-01
2021M03,Sweden,Natural gas,11.98,2021-03-01
2021M03,Sweden,Nuclear,5026.56,2021-03-01
2021M04,EU,Total,216634.43,2021-04-01
2021M04,EU,Combustible fuels,2669.264,2021-04-01
2021M04,EU,Coal,27718.702,2021-04-01
2021M04,EU,Natural gas,32179.288,2021-04-01
2021M04,EU,Nuclear,53857.054,2021-04-01
2021M04,Belgium,Total,8198.478,2021-04-01
2021M04,Belgium,Combustible fuels,80.525,2021-04-01
2021M04,Belgium,Coal,182.59,2021-04-01
2021M04,Belgium,Natural gas,2241.111,2021-04-01
2021M04,Belgium,Nuclear,3758.651,2021-04-01
2021M04,Bulgaria,Total,3530.417,2021-04-01
2021M04,Bulgaria,Combustible fuels,0.0,2021-04-01
2021M04,Bulgaria,Coal,1228.984,2021-04-01
2021M04,Bulgaria,Natural gas,192.105,2021-04-01
2021M04,Bulgaria,Nuclear,1090.098,2021-04-01
2021M04,Czechia,Total,6037.159,2021-04-01
2021M04,Czechia,Combustible fuels,7.249,2021-04-01
2021M04,Czechia,Coal,2238.124,2021-04-01
2021M04,Czechia,Natural gas,779.348,2021-04-01
2021M04,Czechia,Nuclear,2003.518,2021-04-01
2021M04,Denmark,Total,2789.507,2021-04-01
2021M04,Denmark,Combustible fuels,66.376,2021-04-01
2021M04,Denmark,Coal,408.828,2021-04-01
2021M04,Denmark,Natural gas,109.218,2021-04-01
2021M04,Denmark,Nuclear,0.0,2021-04-01
2021M04,Germany,Total,43505.341,2021-04-01
2021M04,Germany,Combustible fuels,1388.568,2021-04-01
2021M04,Germany,Coal,10648.226,2021-04-01
2021M04,Germany,Natural gas,7344.199,2021-04-01
2021M04,Germany,Nuclear,5147.874,2021-04-01
2021M04,Estonia,Total,415.1,2021-04-01
2021M04,Estonia,Combustible fuels,220.5,2021-04-01
2021M04,Estonia,Coal,0.0,2021-04-01
2021M04,Estonia,Natural gas,0.0,2021-04-01
2021M04,Estonia,Nuclear,0.0,2021-04-01
2021M04,Ireland,Total,2335.952,2021-04-01
2021M04,Ireland,Combustible fuels,90.781,2021-04-01
2021M04,Ireland,Coal,234.837,2021-04-01
2021M04,Ireland,Natural gas,1224.695,2021-04-01
2021M04,Ireland,Nuclear,0.0,2021-04-01
2021M04,Greece,Total,3871.921,2021-04-01
2021M04,Greece,Combustible fuels,0.1,2021-04-01
2021M04,Greece,Coal,411.78,2021-04-01
2021M04,Greece,Natural gas,1680.4,2021-04-01
2021M04,Greece,Nuclear,0.0,2021-04-01
2021M04,Spain,Total,19890.79,2021-04-01
2021M04,Spain,Combustible fuels,175.76,2021-04-01
2021M04,Spain,Coal,270.349,2021-04-01
2021M04,Spain,Natural gas,5046.254,2021-04-01
2021M04,Spain,Nuclear,4197.333,2021-04-01
2021M04,France,Total,40023.676,2021-04-01
2021M04,France,Combustible fuels,0.0,2021-04-01
2021M04,France,Coal,373.188,2021-04-01
2021M04,France,Natural gas,3239.791,2021-04-01
2021M04,France,Nuclear,27209.135,2021-04-01
2021M04,Croatia,Total,1082.79,2021-04-01
2021M04,Croatia,Combustible fuels,0.0,2021-04-01
2021M04,Croatia,Coal,7.993,2021-04-01
2021M04,Croatia,Natural gas,209.284,2021-04-01
2021M04,Croatia,Nuclear,0.0,2021-04-01
2021M04,Italy,Total,21315.0,2021-04-01
2021M04,Italy,Combustible fuels,0.0,2021-04-01
2021M04,Italy,Coal,0.0,2021-04-01
2021M04,Italy,Natural gas,0.0,2021-04-01
2021M04,Italy,Nuclear,0.0,2021-04-01
2021M04,Cyprus,Total,299.321,2021-04-01
2021M04,Cyprus,Combustible fuels,0.0,2021-04-01
2021M04,Cyprus,Coal,0.0,2021-04-01
2021M04,Cyprus,Natural gas,0.0,2021-04-01
2021M04,Cyprus,Nuclear,0.0,2021-04-01
2021M04,Latvia,Total,655.0,2021-04-01
2021M04,Latvia,Combustible fuels,0.0,2021-04-01
2021M04,Latvia,Coal,0.0,2021-04-01
2021M04,Latvia,Natural gas,66.0,2021-04-01
2021M04,Latvia,Nuclear,0.0,2021-04-01
2021M04,Lithuania,Total,384.954,2021-04-01
2021M04,Lithuania,Combustible fuels,7.138,2021-04-01
2021M04,Lithuania,Coal,0.0,2021-04-01
2021M04,Lithuania,Natural gas,79.058,2021-04-01
2021M04,Lithuania,Nuclear,0.0,2021-04-01
2021M04,Luxembourg,Total,206.501,2021-04-01
2021M04,Luxembourg,Combustible fuels,5.487,2021-04-01
2021M04,Luxembourg,Coal,0.0,2021-04-01
2021M04,Luxembourg,Natural gas,16.966,2021-04-01
2021M04,Luxembourg,Nuclear,0.0,2021-04-01
2021M04,Hungary,Total,2873.975,2021-04-01
2021M04,Hungary,Combustible fuels,28.417,2021-04-01
2021M04,Hungary,Coal,217.209,2021-04-01
2021M04,Hungary,Natural gas,651.253,2021-04-01
2021M04,Hungary,Nuclear,1382.892,2021-04-01
2021M04,Malta,Total,187.539,2021-04-01
2021M04,Malta,Combustible fuels,0.0,2021-04-01
2021M04,Malta,Coal,0.0,2021-04-01
2021M04,Malta,Natural gas,165.032,2021-04-01
2021M04,Malta,Nuclear,0.0,2021-04-01
2021M04,Netherlands,Total,9510.641,2021-04-01
2021M04,Netherlands,Combustible fuels,131.933,2021-04-01
2021M04,Netherlands,Coal,797.271,2021-04-01
2021M04,Netherlands,Natural gas,4531.602,2021-04-01
2021M04,Netherlands,Nuclear,332.665,2021-04-01
2021M04,Austria,Total,5125.547,2021-04-01
2021M04,Austria,Combustible fuels,52.772,2021-04-01
2021M04,Austria,Coal,158.973,2021-04-01
2021M04,Austria,Natural gas,848.019,2021-04-01
2021M04,Austria,Nuclear,0.0,2021-04-01
2021M04,Poland,Total,12617.98,2021-04-01
2021M04,Poland,Combustible fuels,110.843,2021-04-01
2021M04,Poland,Coal,8746.641,2021-04-01
2021M04,Poland,Natural gas,1114.23,2021-04-01
2021M04,Poland,Nuclear,0.0,2021-04-01
2021M04,Portugal,Total,3938.787,2021-04-01
2021M04,Portugal,Combustible fuels,23.021,2021-04-01
2021M04,Portugal,Coal,128.587,2021-04-01
2021M04,Portugal,Natural gas,1365.237,2021-04-01
2021M04,Portugal,Nuclear,0.0,2021-04-01
2021M04,Romania,Total,4453.0,2021-04-01
2021M04,Romania,Combustible fuels,0.0,2021-04-01
2021M04,Romania,Coal,821.0,2021-04-01
2021M04,Romania,Natural gas,462.0,2021-04-01
2021M04,Romania,Nuclear,929.0,2021-04-01
2021M04,Slovenia,Total,757.73,2021-04-01
2021M04,Slovenia,Combustible fuels,0.384,2021-04-01
2021M04,Slovenia,Coal,309.122,2021-04-01
2021M04,Slovenia,Natural gas,30.866,2021-04-01
2021M04,Slovenia,Nuclear,0.348,2021-04-01
2021M04,Slovakia,Total,2153.0,2021-04-01
2021M04,Slovakia,Combustible fuels,60.0,2021-04-01
2021M04,Slovakia,Coal,127.0,2021-04-01
2021M04,Slovakia,Natural gas,408.0,2021-04-01
2021M04,Slovakia,Nuclear,1028.0,2021-04-01
2021M04,Finland,Total,5715.734,2021-04-01
2021M04,Finland,Combustible fuels,65.0,2021-04-01
2021M04,Finland,Coal,408.0,2021-04-01
2021M04,Finland,Natural gas,368.0,2021-04-01
2021M04,Finland,Nuclear,1860.01,2021-04-01
2021M04,Sweden,Total,14758.59,2021-04-01
2021M04,Sweden,Combustible fuels,154.41,2021-04-01
2021M04,Sweden,Coal,0.0,2021-04-01
2021M04,Sweden,Natural gas,6.62,2021-04-01
2021M04,Sweden,Nuclear,4917.53,2021-04-01
2021M05,EU,Total,210605.186,2021-05-01
2021M05,EU,Combustible fuels,2683.187,2021-05-01
2021M05,EU,Coal,22833.165,2021-05-01
2021M05,EU,Natural gas,23744.078,2021-05-01
2021M05,EU,Nuclear,52825.951,2021-05-01
2021M05,Belgium,Total,7532.193,2021-05-01
2021M05,Belgium,Combustible fuels,84.099,2021-05-01
2021M05,Belgium,Coal,151.491,2021-05-01
2021M05,Belgium,Natural gas,1500.619,2021-05-01
2021M05,Belgium,Nuclear,3822.714,2021-05-01
2021M05,Bulgaria,Total,3048.95,2021-05-01
2021M05,Bulgaria,Combustible fuels,0.0,2021-05-01
2021M05,Bulgaria,Coal,1034.511,2021-05-01
2021M05,Bulgaria,Natural gas,191.451,2021-05-01
2021M05,Bulgaria,Nuclear,781.924,2021-05-01
2021M05,Czechia,Total,5474.806,2021-05-01
2021M05,Czechia,Combustible fuels,6.314,2021-05-01
2021M05,Czechia,Coal,1696.148,2021-05-01
2021M05,Czechia,Natural gas,367.415,2021-05-01
2021M05,Czechia,Nuclear,2289.079,2021-05-01
2021M05,Denmark,Total,2139.16,2021-05-01
2021M05,Denmark,Combustible fuels,64.589,2021-05-01
2021M05,Denmark,Coal,253.036,2021-05-01
2021M05,Denmark,Natural gas,96.883,2021-05-01
2021M05,Denmark,Nuclear,0.0,2021-05-01
2021M05,Germany,Total,40226.787,2021-05-01
2021M05,Germany,Combustible fuels,1347.841,2021-05-01
2021M05,Germany,Coal,7957.741,2021-05-01
2021M05,Germany,Natural gas,5042.66,2021-05-01
2021M05,Germany,Nuclear,5279.611,2021-05-01
2021M05,Estonia,Total,382.819,2021-05-01
2021M05,Estonia,Combustible fuels,212.306,2021-05-01
2021M05,Estonia,Coal,0.0,2021-05-01
2021M05,Estonia,Natural gas,0.0,2021-05-01
2021M05,Estonia,Nuclear,0.0,2021-05-01
2021M05,Ireland,Total,2266.767,2021-05-01
2021M05,Ireland,Combustible fuels,101.107,2021-05-01
2021M05,Ireland,Coal,273.681,2021-05-01
2021M05,Ireland,Natural gas,988.625,2021-05-01
2021M05,Ireland,Nuclear,0.0,2021-05-01
2021M05,Greece,Total,3596.372,2021-05-01
2021M05,Greece,Combustible fuels,0.09,2021-05-01
2021M05,Greece,Coal,363.609,2021-05-01
2021M05,Greece,Natural gas,1289.715,2021-05-01
2021M05,Greece,Nuclear,0.0,2021-05-01
2021M05,Spain,Total,20459.565,2021-05-01
2021M05,Spain,Combustible fuels,177.333,2021-05-01
2021M05,Spain,Coal,332.362,2021-05-01
2021M05,Spain,Natural gas,4190.931,2021-05-01
2021M05,Spain,Nuclear,4373.251,2021-05-01
2021M05,France,Total,41925.511,2021-05-01
2021M05,France,Combustible fuels,0.0,2021-05-01
2021M05,France,Coal,145.043,2021-05-01
2021M05,France,Natural gas,1622.819,2021-05-01
2021M05,France,Nuclear,27574.674,2021-05-01
2021M05,Croatia,Total,1034.655,2021-05-01
2021M05,Croatia,Combustible fuels,0.0,2021-05-01
2021M05,Croatia,Coal,1.101,2021-05-01
2021M05,Croatia,Natural gas,118.557,2021-05-01
2021M05,Croatia,Nuclear,0.0,2021-05-01
2021M05,Italy,Total,21226.0,2021-05-01
2021M05,Italy,Combustible fuels,0.0,2021-05-01
2021M05,Italy,Coal,0.0,2021-05-01
2021M05,Italy,Natural gas,0.0,2021-05-01
2021M05,Italy,Nuclear,0.0,2021-05-01
2021M05,Cyprus,Total,351.801,2021-05-01
2021M05,Cyprus,Combustible fuels,0.0,2021-05-01
2021M05,Cyprus,Coal,0.0,2021-05-01
2021M05,Cyprus,Natural gas,0.0,2021-05-01
2021M05,Cyprus,Nuclear,0.0,2021-05-01
2021M05,Latvia,Total,531.0,2021-05-01
2021M05,Latvia,Combustible fuels,0.0,2021-05-01
2021M05,Latvia,Coal,0.0,2021-05-01
2021M05,Latvia,Natural gas,25.0,2021-05-01
2021M05,Latvia,Nuclear,0.0,2021-05-01
2021M05,Lithuania,Total,340.149,2021-05-01
2021M05,Lithuania,Combustible fuels,7.08,2021-05-01
2021M05,Lithuania,Coal,0.0,2021-05-01
2021M05,Lithuania,Natural gas,60.694,2021-05-01
2021M05,Lithuania,Nuclear,0.0,2021-05-01
2021M05,Luxembourg,Total,217.49,2021-05-01
2021M05,Luxembourg,Combustible fuels,5.286,2021-05-01
2021M05,Luxembourg,Coal,0.0,2021-05-01
2021M05,Luxembourg,Natural gas,15.068,2021-05-01
2021M05,Luxembourg,Nuclear,0.0,2021-05-01
2021M05,Hungary,Total,2598.244,2021-05-01
2021M05,Hungary,Combustible fuels,25.614,2021-05-01
2021M05,Hungary,Coal,203.066,2021-05-01
2021M05,Hungary,Natural gas,624.199,2021-05-01
2021M05,Hungary,Nuclear,1098.615,2021-05-01
2021M05,Malta,Total,186.622,2021-05-01
2021M05,Malta,Combustible fuels,0.0,2021-05-01
2021M05,Malta,Coal,0.0,2021-05-01
2021M05,Malta,Natural gas,158.987,2021-05-01
2021M05,Malta,Nuclear,0.0,2021-05-01
2021M05,Netherlands,Total,9017.712,2021-05-01
2021M05,Netherlands,Combustible fuels,140.82,2021-05-01
2021M05,Netherlands,Coal,715.785,2021-05-01
2021M05,Netherlands,Natural gas,4237.791,2021-05-01
2021M05,Netherlands,Nuclear,209.691,2021-05-01
2021M05,Austria,Total,6437.096,2021-05-01
2021M05,Austria,Combustible fuels,47.519,2021-05-01
2021M05,Austria,Coal,184.513,2021-05-01
2021M05,Austria,Natural gas,324.572,2021-05-01
2021M05,Austria,Nuclear,0.0,2021-05-01
2021M05,Poland,Total,12327.502,2021-05-01
2021M05,Poland,Combustible fuels,121.525,2021-05-01
2021M05,Poland,Coal,8271.355,2021-05-01
2021M05,Poland,Natural gas,1179.843,2021-05-01
2021M05,Poland,Nuclear,0.0,2021-05-01
2021M05,Portugal,Total,3536.39,2021-05-01
2021M05,Portugal,Combustible fuels,26.436,2021-05-01
2021M05,Portugal,Coal,35.09,2021-05-01
2021M05,Portugal,Natural gas,915.802,2021-05-01
2021M05,Portugal,Nuclear,0.0,2021-05-01
2021M05,Romania,Total,4571.0,2021-05-01
2021M05,Romania,Combustible fuels,0.0,2021-05-01
2021M05,Romania,Coal,656.0,2021-05-01
2021M05,Romania,Natural gas,407.0,2021-05-01
2021M05,Romania,Nuclear,607.0,2021-05-01
2021M05,Slovenia,Total,1367.246,2021-05-01
2021M05,Slovenia,Combustible fuels,0.818,2021-05-01
2021M05,Slovenia,Coal,171.633,2021-05-01
2021M05,Slovenia,Natural gas,20.287,2021-05-01
2021M05,Slovenia,Nuclear,417.151,2021-05-01
2021M05,Slovakia,Total,2221.0,2021-05-01
2021M05,Slovakia,Combustible fuels,97.0,2021-05-01
2021M05,Slovakia,Coal,75.0,2021-05-01
2021M05,Slovakia,Natural gas,225.0,2021-05-01
2021M05,Slovakia,Nuclear,1109.0,2021-05-01
2021M05,Finland,Total,5084.241,2021-05-01
2021M05,Finland,Combustible fuels,64.0,2021-05-01
2021M05,Finland,Coal,312.0,2021-05-01
2021M05,Finland,Natural gas,138.0,2021-05-01
2021M05,Finland,Nuclear,1499.241,2021-05-01
2021M05,Sweden,Total,12504.108,2021-05-01
2021M05,Sweden,Combustible fuels,153.41,2021-05-01
2021M05,Sweden,Coal,0.0,2021-05-01
2021M05,Sweden,Natural gas,2.16,2021-05-01
2021M05,Sweden,Nuclear,3764.0,2021-05-01
2021M06,EU,Total,204967.395,2021-06-01
2021M06,EU,Combustible fuels,2725.857,2021-06-01
2021M06,EU,Coal,26037.776,2021-06-01
2021M06,EU,Natural gas,27807.319,2021-06-01
2021M06,EU,Nuclear,52175.547,2021-06-01
2021M06,Belgium,Total,7278.145,2021-06-01
2021M06,Belgium,Combustible fuels,67.226,2021-06-01
2021M06,Belgium,Coal,170.348,2021-06-01
2021M06,Belgium,Natural gas,1584.369,2021-06-01
2021M06,Belgium,Nuclear,3968.818,2021-06-01
2021M06,Bulgaria,Total,2992.516,2021-06-01
2021M06,Bulgaria,Combustible fuels,0.0,2021-06-01
2021M06,Bulgaria,Coal,492.966,2021-06-01
2021M06,Bulgaria,Natural gas,155.889,2021-06-01
2021M06,Bulgaria,Nuclear,1410.021,2021-06-01
2021M06,Czechia,Total,5569.26,2021-06-01
2021M06,Czechia,Combustible fuels,8.3,2021-06-01
2021M06,Czechia,Coal,1704.452,2021-06-01
2021M06,Czechia,Natural gas,589.01,2021-06-01
2021M06,Czechia,Nuclear,2270.494,2021-06-01
2021M06,Denmark,Total,1788.183,2021-06-01
2021M06,Denmark,Combustible fuels,52.221,2021-06-01
2021M06,Denmark,Coal,261.104,2021-06-01
2021M06,Denmark,Natural gas,51.414,2021-06-01
2021M06,Denmark,Nuclear,0.0,2021-06-01
2021M06,Germany,Total,38729.424,2021-06-01
2021M06,Germany,Combustible fuels,1340.281,2021-06-01
2021M06,Germany,Coal,10953.664,2021-06-01
2021M06,Germany,Natural gas,5403.161,2021-06-01
2021M06,Germany,Nuclear,4944.05,2021-06-01
2021M06,Estonia,Total,455.568,2021-06-01
2021M06,Estonia,Combustible fuels,300.896,2021-06-01
2021M06,Estonia,Coal,0.0,2021-06-01
2021M06,Estonia,Natural gas,0.0,2021-06-01
2021M06,Estonia,Nuclear,0.0,2021-06-01
2021M06,Ireland,Total,2235.348,2021-06-01
2021M06,Ireland,Combustible fuels,81.479,2021-06-01
2021M06,Ireland,Coal,253.891,2021-06-01
2021M06,Ireland,Natural gas,1193.044,2021-06-01
2021M06,Ireland,Nuclear,0.0,2021-06-01
2021M06,Greece,Total,4013.43,2021-06-01
2021M06,Greece,Combustible fuels,0.036,2021-06-01
2021M06,Greece,Coal,253.961,2021-06-01
2021M06,Greece,Natural gas,2025.52,2021-06-01
2021M06,Greece,Nuclear,0.0,2021-06-01
2021M06,Spain,Total,19852.584,2021-06-01
2021M06,Spain,Combustible fuels,196.636,2021-06-01
2021M06,Spain,Coal,473.944,2021-06-01
2021M06,Spain,Natural gas,5343.758,2021-06-01
2021M06,Spain,Nuclear,3684.384,2021-06-01
2021M06,France,Total,39711.996,2021-06-01
2021M06,France,Combustible fuels,0.0,2021-06-01
2021M06,France,Coal,163.482,2021-06-01
2021M06,France,Natural gas,1928.94,2021-06-01
2021M06,France,Nuclear,27716.162,2021-06-01
2021M06,Croatia,Total,880.454,2021-06-01
2021M06,Croatia,Combustible fuels,0.0,2021-06-01
2021M06,Croatia,Coal,136.514,2021-06-01
2021M06,Croatia,Natural gas,142.314,2021-06-01
2021M06,Croatia,Nuclear,0.0,2021-06-01
2021M06,Italy,Total,23839.0,2021-06-01
2021M06,Italy,Combustible fuels,0.0,2021-06-01
2021M06,Italy,Coal,0.0,2021-06-01
2021M06,Italy,Natural gas,0.0,2021-06-01
2021M06,Italy,Nuclear,0.0,2021-06-01
2021M06,Cyprus,Total,408.169,2021-06-01
2021M06,Cyprus,Combustible fuels,0.0,2021-06-01
2021M06,Cyprus,Coal,0.0,2021-06-01
2021M06,Cyprus,Natural gas,0.0,2021-06-01
2021M06,Cyprus,Nuclear,0.0,2021-06-01
2021M06,Latvia,Total,354.0,2021-06-01
2021M06,Latvia,Combustible fuels,0.0,2021-06-01
2021M06,Latvia,Coal,0.0,2021-06-01
2021M06,Latvia,Natural gas,110.0,2021-06-01
2021M06,Latvia,Nuclear,0.0,2021-06-01
2021M06,Lithuania,Total,332.061,2021-06-01
2021M06,Lithuania,Combustible fuels,1.084,2021-06-01
2021M06,Lithuania,Coal,0.0,2021-06-01
2021M06,Lithuania,Natural gas,162.938,2021-06-01
2021M06,Lithuania,Nuclear,0.0,2021-06-01
2021M06,Luxembourg,Total,170.84,2021-06-01
2021M06,Luxembourg,Combustible fuels,5.272,2021-06-01
2021M06,Luxembourg,Coal,0.0,2021-06-01
2021M06,Luxembourg,Natural gas,7.327,2021-06-01
2021M06,Luxembourg,Nuclear,0.0,2021-06-01
2021M06,Hungary,Total,2980.323,2021-06-01
2021M06,Hungary,Combustible fuels,29.831,2021-06-01
2021M06,Hungary,Coal,206.339,2021-06-01
2021M06,Hungary,Natural gas,640.801,2021-06-01
2021M06,Hungary,Nuclear,1346.65,2021-06-01
2021M06,Malta,Total,210.308,2021-06-01
2021M06,Malta,Combustible fuels,0.0,2021-06-01
2021M06,Malta,Coal,0.0,2021-06-01
2021M06,Malta,Natural gas,181.976,2021-06-01
2021M06,Malta,Nuclear,0.0,2021-06-01
2021M06,Netherlands,Total,8624.519,2021-06-01
2021M06,Netherlands,Combustible fuels,122.914,2021-06-01
2021M06,Netherlands,Coal,652.586,2021-06-01
2021M06,Netherlands,Natural gas,4780.527,2021-06-01
2021M06,Netherlands,Nuclear,0.0,2021-06-01
2021M06,Austria,Total,6299.526,2021-06-01
2021M06,Austria,Combustible fuels,40.228,2021-06-01
2021M06,Austria,Coal,169.577,2021-06-01
2021M06,Austria,Natural gas,186.08,2021-06-01
2021M06,Austria,Nuclear,0.0,2021-06-01
2021M06,Poland,Total,12461.058,2021-06-01
2021M06,Poland,Combustible fuels,127.927,2021-06-01
2021M06,Poland,Coal,9073.239,2021-06-01
2021M06,Poland,Natural gas,1256.825,2021-06-01
2021M06,Poland,Nuclear,0.0,2021-06-01
2021M06,Portugal,Total,3376.948,2021-06-01
2021M06,Portugal,Combustible fuels,27.36,2021-06-01
2021M06,Portugal,Coal,36.518,2021-06-01
2021M06,Portugal,Natural gas,1073.939,2021-06-01
2021M06,Portugal,Nuclear,0.0,2021-06-01
2021M06,Romania,Total,4669.0,2021-06-01
2021M06,Romania,Combustible fuels,0.0,2021-06-01
2021M06,Romania,Coal,706.0,2021-06-01
2021M06,Romania,Natural gas,541.0,2021-06-01
2021M06,Romania,Nuclear,695.0,2021-06-01
2021M06,Slovenia,Total,1283.466,2021-06-01
2021M06,Slovenia,Combustible fuels,0.866,2021-06-01
2021M06,Slovenia,Coal,116.191,2021-06-01
2021M06,Slovenia,Natural gas,28.157,2021-06-01
2021M06,Slovenia,Nuclear,491.433,2021-06-01
2021M06,Slovakia,Total,2129.0,2021-06-01
2021M06,Slovakia,Combustible fuels,67.0,2021-06-01
2021M06,Slovakia,Coal,67.0,2021-06-01
2021M06,Slovakia,Natural gas,338.0,2021-06-01
2021M06,Slovakia,Nuclear,1059.0,2021-06-01
2021M06,Finland,Total,4290.099,2021-06-01
2021M06,Finland,Combustible fuels,70.0,2021-06-01
2021M06,Finland,Coal,146.0,2021-06-01
2021M06,Finland,Natural gas,80.0,2021-06-01
2021M06,Finland,Nuclear,1564.645,2021-06-01
2021M06,Sweden,Total,10032.17,2021-06-01
2021M06,Sweden,Combustible fuels,186.3,2021-06-01
2021M06,Sweden,Coal,0.0,2021-06-01
2021M06,Sweden,Natural gas,2.33,2021-06-01
2021M06,Sweden,Nuclear,3024.89,2021-06-01
2021M07,EU,Total,217654.185,2021-07-01
2021M07,EU,Combustible fuels,2775.824,2021-07-01
2021M07,EU,Coal,28804.267,2021-07-01
2021M07,EU,Natural gas,27562.57,2021-07-01
2021M07,EU,Nuclear,56470.315,2021-07-01
2021M07,Belgium,Total,7670.824,2021-07-01
2021M07,Belgium,Combustible fuels,82.868,2021-07-01
2021M07,Belgium,Coal,197.011,2021-07-01
2021M07,Belgium,Natural gas,1245.38,2021-07-01
2021M07,Belgium,Nuclear,4283.092,2021-07-01
2021M07,Bulgaria,Total,3512.016,2021-07-01
2021M07,Bulgaria,Combustible fuels,0.0,2021-07-01
2021M07,Bulgaria,Coal,975.295,2021-07-01
2021M07,Bulgaria,Natural gas,257.78,2021-07-01
2021M07,Bulgaria,Nuclear,1459.986,2021-07-01
2021M07,Czechia,Total,5741.308,2021-07-01
2021M07,Czechia,Combustible fuels,7.505,2021-07-01
2021M07,Czechia,Coal,2203.531,2021-07-01
2021M07,Czechia,Natural gas,521.25,2021-07-01
2021M07,Czechia,Nuclear,1952.256,2021-07-01
2021M07,Denmark,Total,1758.474,2021-07-01
2021M07,Denmark,Combustible fuels,49.168,2021-07-01
2021M07,Denmark,Coal,337.779,2021-07-01
2021M07,Denmark,Natural gas,37.178,2021-07-01
2021M07,Denmark,Nuclear,0.0,2021-07-01
2021M07,Germany,Total,39031.455,2021-07-01
2021M07,Germany,Combustible fuels,1398.698,2021-07-01
2021M07,Germany,Coal,10479.903,2021-07-01
2021M07,Germany,Natural gas,4974.114,2021-07-01
2021M07,Germany,Nuclear,5517.204,2021-07-01
2021M07,Estonia,Total,492.252,2021-07-01
2021M07,Estonia,Combustible fuels,329.179,2021-07-01
2021M07,Estonia,Coal,0.0,2021-07-01
2021M07,Estonia,Natural gas,0.0,2021-07-01
2021M07,Estonia,Nuclear,0.0,2021-07-01
2021M07,Ireland,Total,2098.958,2021-07-01
2021M07,Ireland,Combustible fuels,26.556,2021-07-01
2021M07,Ireland,Coal,290.857,2021-07-01
2021M07,Ireland,Natural gas,1342.993,2021-07-01
2021M07,Ireland,Nuclear,0.0,2021-07-01
2021M07,Greece,Total,5406.125,2021-07-01
2021M07,Greece,Combustible fuels,0.0,2021-07-01
2021M07,Greece,Coal,458.755,2021-07-01
2021M07,Greece,Natural gas,2475.953,2021-07-01
2021M07,Greece,Nuclear,0.0,2021-07-01
2021M07,Spain,Total,22428.385,2021-07-01
2021M07,Spain,Combustible fuels,204.98,2021-07-01
2021M07,Spain,Coal,311.71,2021-07-01
2021M07,Spain,Natural gas,5453.341,2021-07-01
2021M07,Spain,Nuclear,5119.329,2021-07-01
2021M07,France,Total,40986.86,2021-07-01
2021M07,France,Combustible fuels,0.0,2021-07-01
2021M07,France,Coal,209.237,2021-07-01
2021M07,France,Natural gas,1945.194,2021-07-01
2021M07,France,Nuclear,28449.338,2021-07-01
2021M07,Croatia,Total,977.037,2021-07-01
2021M07,Croatia,Combustible fuels,0.0,2021-07-01
2021M07,Croatia,Coal,146.361,2021-07-01
2021M07,Croatia,Natural gas,261.49,2021-07-01
2021M07,Croatia,Nuclear,0.0,2021-07-01
2021M07,Italy,Total,26161.0,2021-07-01
2021M07,Italy,Combustible fuels,0.0,2021-07-01
2021M07,Italy,Coal,0.0,2021-07-01
2021M07,Italy,Natural gas,0.0,2021-07-01
2021M07,Italy,Nuclear,0.0,2021-07-01
2021M07,Cyprus,Total,587.898,2021-07-01
2021M07,Cyprus,Combustible fuels,0.0,2021-07-01
2021M07,Cyprus,Coal,0.0,2021-07-01
2021M07,Cyprus,Natural gas,0.0,2021-07-01
2021M07,Cyprus,Nuclear,0.0,2021-07-01
2021M07,Latvia,Total,307.0,2021-07-01
2021M07,Latvia,Combustible fuels,0.0,2021-07-01
2021M07,Latvia,Coal,0.0,2021-07-01
2021M07,Latvia,Natural gas,172.0,2021-07-01
2021M07,Latvia,Nuclear,0.0,2021-07-01
2021M07,Lithuania,Total,300.377,2021-07-01
2021M07,Lithuania,Combustible fuels,6.442,2021-07-01
2021M07,Lithuania,Coal,0.0,2021-07-01
2021M07,Lithuania,Natural gas,106.461,2021-07-01
2021M07,Lithuania,Nuclear,0.0,2021-07-01
2021M07,Luxembourg,Total,178.155,2021-07-01
2021M07,Luxembourg,Combustible fuels,5.324,2021-07-01
2021M07,Luxembourg,Coal,0.0,2021-07-01
2021M07,Luxembourg,Natural gas,8.09,2021-07-01
2021M07,Luxembourg,Nuclear,0.0,2021-07-01
2021M07,Hungary,Total,2986.639,2021-07-01
2021M07,Hungary,Combustible fuels,27.357,2021-07-01
2021M07,Hungary,Coal,254.653,2021-07-01
2021M07,Hungary,Natural gas,682.603,2021-07-01
2021M07,Hungary,Nuclear,1297.504,2021-07-01
2021M07,Malta,Total,236.992,2021-07-01
2021M07,Malta,Combustible fuels,0.0,2021-07-01
2021M07,Malta,Coal,0.0,2021-07-01
2021M07,Malta,Natural gas,209.223,2021-07-01
2021M07,Malta,Nuclear,0.0,2021-07-01
2021M07,Netherlands,Total,9633.948,2021-07-01
2021M07,Netherlands,Combustible fuels,152.417,2021-07-01
2021M07,Netherlands,Coal,1489.974,2021-07-01
2021M07,Netherlands,Natural gas,4017.375,2021-07-01
2021M07,Netherlands,Nuclear,328.66,2021-07-01
2021M07,Austria,Total,6060.688,2021-07-01
2021M07,Austria,Combustible fuels,41.297,2021-07-01
2021M07,Austria,Coal,137.918,2021-07-01
2021M07,Austria,Natural gas,202.18,2021-07-01
2021M07,Austria,Nuclear,0.0,2021-07-01
2021M07,Poland,Total,13368.958,2021-07-01
2021M07,Poland,Combustible fuels,100.963,2021-07-01
2021M07,Poland,Coal,10049.604,2021-07-01
2021M07,Poland,Natural gas,1258.564,2021-07-01
2021M07,Poland,Nuclear,0.0,2021-07-01
2021M07,Portugal,Total,3953.36,2021-07-01
2021M07,Portugal,Combustible fuels,21.164,2021-07-01
2021M07,Portugal,Coal,73.365,2021-07-01
2021M07,Portugal,Natural gas,1312.374,2021-07-01
2021M07,Portugal,Nuclear,0.0,2021-07-01
2021M07,Romania,Total,4559.0,2021-07-01
2021M07,Romania,Combustible fuels,0.0,2021-07-01
2021M07,Romania,Coal,895.0,2021-07-01
2021M07,Romania,Natural gas,691.0,2021-07-01
2021M07,Romania,Nuclear,849.0,2021-07-01
2021M07,Slovenia,Total,1168.98,2021-07-01
2021M07,Slovenia,Combustible fuels,0.628,2021-07-01
2021M07,Slovenia,Coal,145.57,2021-07-01
2021M07,Slovenia,Natural gas,16.968,2021-07-01
2021M07,Slovenia,Nuclear,501.751,2021-07-01
2021M07,Slovakia,Total,2286.0,2021-07-01
2021M07,Slovakia,Combustible fuels,123.0,2021-07-01
2021M07,Slovakia,Coal,72.0,2021-07-01
2021M07,Slovakia,Natural gas,285.0,2021-07-01
2021M07,Slovakia,Nuclear,1233.0,2021-07-01
2021M07,Finland,Total,4395.382,2021-07-01
2021M07,Finland,Combustible fuels,70.438,2021-07-01
2021M07,Finland,Coal,75.744,2021-07-01
2021M07,Finland,Natural gas,82.349,2021-07-01
2021M07,Finland,Nuclear,2024.675,2021-07-01
2021M07,Sweden,Total,11366.114,2021-07-01
2021M07,Sweden,Combustible fuels,127.84,2021-07-01
2021M07,Sweden,Coal,0.0,2021-07-01
2021M07,Sweden,Natural gas,3.71,2021-07-01
2021M07,Sweden,Nuclear,3454.52,2021-07-01
2021M08,EU,Total,211321.6,2021-08-01
2021M08,EU,Combustible fuels,2693.362,2021-08-01
2021M08,EU,Coal,29260.548,2021-08-01
2021M08,EU,Natural gas,23152.456,2021-08-01
2021M08,EU,Nuclear,57197.726,2021-08-01
2021M08,Belgium,Total,7463.864,2021-08-01
2021M08,Belgium,Combustible fuels,72.988,2021-08-01
2021M08,Belgium,Coal,207.106,2021-08-01
2021M08,Belgium,Natural gas,1107.835,2021-08-01
2021M08,Belgium,Nuclear,4139.02,2021-08-01
2021M08,Bulgaria,Total,3578.518,2021-08-01
2021M08,Bulgaria,Combustible fuels,0.0,2021-08-01
2021M08,Bulgaria,Coal,1235.301,2021-08-01
2021M08,Bulgaria,Natural gas,175.795,2021-08-01
2021M08,Bulgaria,Nuclear,1466.382,2021-08-01
2021M08,Czechia,Total,5703.436,2021-08-01
2021M08,Czechia,Combustible fuels,8.512,2021-08-01
2021M08,Czechia,Coal,2206.341,2021-08-01
2021M08,Czechia,Natural gas,303.039,2021-08-01
2021M08,Czechia,Nuclear,2202.091,2021-08-01
2021M08,Denmark,Total,2131.272,2021-08-01
2021M08,Denmark,Combustible fuels,52.148,2021-08-01
2021M08,Denmark,Coal,223.431,2021-08-01
2021M08,Denmark,Natural gas,41.717,2021-08-01
2021M08,Denmark,Nuclear,0.0,2021-08-01
2021M08,Germany,Total,39706.555,2021-08-01
2021M08,Germany,Combustible fuels,1386.657,2021-08-01
2021M08,Germany,Coal,10746.378,2021-08-01
2021M08,Germany,Natural gas,3844.675,2021-08-01
2021M08,Germany,Nuclear,5792.588,2021-08-01
2021M08,Estonia,Total,439.023,2021-08-01
2021M08,Estonia,Combustible fuels,275.638,2021-08-01
2021M08,Estonia,Coal,0.0,2021-08-01
2021M08,Estonia,Natural gas,0.0,2021-08-01
2021M08,Estonia,Nuclear,0.0,2021-08-01
2021M08,Ireland,Total,2346.107,2021-08-01
2021M08,Ireland,Combustible fuels,77.384,2021-08-01
2021M08,Ireland,Coal,279.469,2021-08-01
2021M08,Ireland,Natural gas,1322.167,2021-08-01
2021M08,Ireland,Nuclear,0.0,2021-08-01
2021M08,Greece,Total,5312.653,2021-08-01
2021M08,Greece,Combustible fuels,0.01,2021-08-01
2021M08,Greece,Coal,622.2,2021-08-01
2021M08,Greece,Natural gas,2326.46,2021-08-01
2021M08,Greece,Nuclear,0.0,2021-08-01
2021M08,Spain,Total,21553.109,2021-08-01
2021M08,Spain,Combustible fuels,212.2,2021-08-01
2021M08,Spain,Coal,319.616,2021-08-01
2021M08,Spain,Natural gas,5654.188,2021-08-01
2021M08,Spain,Nuclear,5150.264,2021-08-01
2021M08,France,Total,39578.297,2021-08-01
2021M08,France,Combustible fuels,0.0,2021-08-01
2021M08,France,Coal,285.943,2021-08-01
2021M08,France,Natural gas,1144.138,2021-08-01
2021M08,France,Nuclear,29010.95,2021-08-01
2021M08,Croatia,Total,999.911,2021-08-01
2021M08,Croatia,Combustible fuels,0.0,2021-08-01
2021M08,Croatia,Coal,141.809,2021-08-01
2021M08,Croatia,Natural gas,261.836,2021-08-01
2021M08,Croatia,Nuclear,0.0,2021-08-01
2021M08,Italy,Total,23134.0,2021-08-01
2021M08,Italy,Combustible fuels,0.0,2021-08-01
2021M08,Italy,Coal,0.0,2021-08-01
2021M08,Italy,Natural gas,0.0,2021-08-01
2021M08,Italy,Nuclear,0.0,2021-08-01
2021M08,Cyprus,Total,596.719,2021-08-01
2021M08,Cyprus,Combustible fuels,0.0,2021-08-01
2021M08,Cyprus,Coal,0.0,2021-08-01
2021M08,Cyprus,Natural gas,0.0,2021-08-01
2021M08,Cyprus,Nuclear,0.0,2021-08-01
2021M08,Latvia,Total,162.0,2021-08-01
2021M08,Latvia,Combustible fuels,0.0,2021-08-01
2021M08,Latvia,Coal,0.0,2021-08-01
2021M08,Latvia,Natural gas,29.0,2021-08-01
2021M08,Latvia,Nuclear,0.0,2021-08-01
2021M08,Lithuania,Total,292.899,2021-08-01
2021M08,Lithuania,Combustible fuels,7.251,2021-08-01
2021M08,Lithuania,Coal,0.0,2021-08-01
2021M08,Lithuania,Natural gas,57.251,2021-08-01
2021M08,Lithuania,Nuclear,0.0,2021-08-01
2021M08,Luxembourg,Total,183.119,2021-08-01
2021M08,Luxembourg,Combustible fuels,5.693,2021-08-01
2021M08,Luxembourg,Coal,0.0,2021-08-01
2021M08,Luxembourg,Natural gas,8.008,2021-08-01
2021M08,Luxembourg,Nuclear,0.0,2021-08-01
2021M08,Hungary,Total,2756.446,2021-08-01
2021M08,Hungary,Combustible fuels,27.646,2021-08-01
2021M08,Hungary,Coal,276.94,2021-08-01
2021M08,Hungary,Natural gas,628.753,2021-08-01
2021M08,Hungary,Nuclear,1196.535,2021-08-01
2021M08,Malta,Total,229.694,2021-08-01
2021M08,Malta,Combustible fuels,0.0,2021-08-01
2021M08,Malta,Coal,0.0,2021-08-01
2021M08,Malta,Natural gas,204.335,2021-08-01
2021M08,Malta,Nuclear,0.0,2021-08-01
2021M08,Netherlands,Total,8524.869,2021-08-01
2021M08,Netherlands,Combustible fuels,156.663,2021-08-01
2021M08,Netherlands,Coal,1545.868,2021-08-01
2021M08,Netherlands,Natural gas,2517.2,2021-08-01
2021M08,Netherlands,Nuclear,350.425,2021-08-01
2021M08,Austria,Total,6382.536,2021-08-01
2021M08,Austria,Combustible fuels,43.487,2021-08-01
2021M08,Austria,Coal,165.035,2021-08-01
2021M08,Austria,Natural gas,171.058,2021-08-01
2021M08,Austria,Nuclear,0.0,2021-08-01
2021M08,Poland,Total,13206.243,2021-08-01
2021M08,Poland,Combustible fuels,104.235,2021-08-01
2021M08,Poland,Coal,9605.352,2021-08-01
2021M08,Poland,Natural gas,1188.669,2021-08-01
2021M08,Poland,Nuclear,0.0,2021-08-01
2021M08,Portugal,Total,3338.404,2021-08-01
2021M08,Portugal,Combustible fuels,22.585,2021-08-01
2021M08,Portugal,Coal,34.873,2021-08-01
2021M08,Portugal,Natural gas,1177.033,2021-08-01
2021M08,Portugal,Nuclear,0.0,2021-08-01
2021M08,Romania,Total,4038.0,2021-08-01
2021M08,Romania,Combustible fuels,0.0,2021-08-01
2021M08,Romania,Coal,765.0,2021-08-01
2021M08,Romania,Natural gas,667.0,2021-08-01
2021M08,Romania,Nuclear,926.0,2021-08-01
2021M08,Slovenia,Total,1327.359,2021-08-01
2021M08,Slovenia,Combustible fuels,0.925,2021-08-01
2021M08,Slovenia,Coal,350.886,2021-08-01
2021M08,Slovenia,Natural gas,17.109,2021-08-01
2021M08,Slovenia,Nuclear,501.676,2021-08-01
2021M08,Slovakia,Total,2260.0,2021-08-01
2021M08,Slovakia,Combustible fuels,72.0,2021-08-01
2021M08,Slovakia,Coal,42.0,2021-08-01
2021M08,Slovakia,Natural gas,217.0,2021-08-01
2021M08,Slovakia,Nuclear,1337.0,2021-08-01
2021M08,Finland,Total,4587.186,2021-08-01
2021M08,Finland,Combustible fuels,61.0,2021-08-01
2021M08,Finland,Coal,207.0,2021-08-01
2021M08,Finland,Natural gas,82.0,2021-08-01
2021M08,Finland,Nuclear,1918.665,2021-08-01
2021M08,Sweden,Total,11489.381,2021-08-01
2021M08,Sweden,Combustible fuels,106.34,2021-08-01
2021M08,Sweden,Coal,0.0,2021-08-01
2021M08,Sweden,Natural gas,6.19,2021-08-01
2021M08,Sweden,Nuclear,3206.13,2021-08-01
2021M09,EU,Total,209999.106,2021-09-01
2021M09,EU,Combustible fuels,2703.129,2021-09-01
2021M09,EU,Coal,35267.865,2021-09-01
2021M09,EU,Natural gas,27868.573,2021-09-01
2021M09,EU,Nuclear,56330.217,2021-09-01
2021M09,Belgium,Total,6462.002,2021-09-01
2021M09,Belgium,Combustible fuels,58.608,2021-09-01
2021M09,Belgium,Coal,13.126,2021-09-01
2021M09,Belgium,Natural gas,1258.474,2021-09-01
2021M09,Belgium,Nuclear,3576.905,2021-09-01
2021M09,Bulgaria,Total,3644.414,2021-09-01
2021M09,Bulgaria,Combustible fuels,0.0,2021-09-01
2021M09,Bulgaria,Coal,1428.951,2021-09-01
2021M09,Bulgaria,Natural gas,191.244,2021-09-01
2021M09,Bulgaria,Nuclear,1364.466,2021-09-01
2021M09,Czechia,Total,6317.183,2021-09-01
2021M09,Czechia,Combustible fuels,6.593,2021-09-01
2021M09,Czechia,Coal,2320.528,2021-09-01
2021M09,Czechia,Natural gas,382.795,2021-09-01
2021M09,Czechia,Nuclear,2664.092,2021-09-01
2021M09,Denmark,Total,2147.924,2021-09-01
2021M09,Denmark,Combustible fuels,49.394,2021-09-01
2021M09,Denmark,Coal,483.903,2021-09-01
2021M09,Denmark,Natural gas,57.472,2021-09-01
2021M09,Denmark,Nuclear,0.0,2021-09-01
2021M09,Germany,Total,41454.072,2021-09-01
2021M09,Germany,Combustible fuels,1340.411,2021-09-01
2021M09,Germany,Coal,14962.83,2021-09-01
2021M09,Germany,Natural gas,5012.896,2021-09-01
2021M09,Germany,Nuclear,5456.318,2021-09-01
2021M09,Estonia,Total,568.23,2021-09-01
2021M09,Estonia,Combustible fuels,399.465,2021-09-01
2021M09,Estonia,Coal,0.0,2021-09-01
2021M09,Estonia,Natural gas,0.0,2021-09-01
2021M09,Estonia,Nuclear,0.0,2021-09-01
2021M09,Ireland,Total,2350.908,2021-09-01
2021M09,Ireland,Combustible fuels,97.932,2021-09-01
2021M09,Ireland,Coal,388.783,2021-09-01
2021M09,Ireland,Natural gas,1207.429,2021-09-01
2021M09,Ireland,Nuclear,0.0,2021-09-01
2021M09,Greece,Total,4415.143,2021-09-01
2021M09,Greece,Combustible fuels,0.0,2021-09-01
2021M09,Greece,Coal,357.92,2021-09-01
2021M09,Greece,Natural gas,2064.988,2021-09-01
2021M09,Greece,Nuclear,0.0,2021-09-01
2021M09,Spain,Total,20649.084,2021-09-01
2021M09,Spain,Combustible fuels,179.817,2021-09-01
2021M09,Spain,Coal,477.382,2021-09-01
2021M09,Spain,Natural gas,6605.979,2021-09-01
2021M09,Spain,Nuclear,4890.507,2021-09-01
2021M09,France,Total,38932.681,2021-09-01
2021M09,France,Combustible fuels,0.0,2021-09-01
2021M09,France,Coal,859.13,2021-09-01
2021M09,France,Natural gas,1878.358,2021-09-01
2021M09,France,Nuclear,29001.324,2021-09-01
2021M09,Croatia,Total,845.78,2021-09-01
2021M09,Croatia,Combustible fuels,0.0,2021-09-01
2021M09,Croatia,Coal,128.622,2021-09-01
2021M09,Croatia,Natural gas,249.975,2021-09-01
2021M09,Croatia,Nuclear,0.0,2021-09-01
2021M09,Italy,Total,23094.0,2021-09-01
2021M09,Italy,Combustible fuels,0.0,2021-09-01
2021M09,Italy,Coal,0.0,2021-09-01
2021M09,Italy,Natural gas,0.0,2021-09-01
2021M09,Italy,Nuclear,0.0,2021-09-01
2021M09,Cyprus,Total,450.832,2021-09-01
2021M09,Cyprus,Combustible fuels,0.0,2021-09-01
2021M09,Cyprus,Coal,0.0,2021-09-01
2021M09,Cyprus,Natural gas,0.0,2021-09-01
2021M09,Cyprus,Nuclear,0.0,2021-09-01
2021M09,Latvia,Total,322.0,2021-09-01
2021M09,Latvia,Combustible fuels,0.0,2021-09-01
2021M09,Latvia,Coal,0.0,2021-09-01
2021M09,Latvia,Natural gas,180.0,2021-09-01
2021M09,Latvia,Nuclear,0.0,2021-09-01
2021M09,Lithuania,Total,421.273,2021-09-01
2021M09,Lithuania,Combustible fuels,7.079,2021-09-01
2021M09,Lithuania,Coal,0.0,2021-09-01
2021M09,Lithuania,Natural gas,160.618,2021-09-01
2021M09,Lithuania,Nuclear,0.0,2021-09-01
2021M09,Luxembourg,Total,171.763,2021-09-01
2021M09,Luxembourg,Combustible fuels,3.053,2021-09-01
2021M09,Luxembourg,Coal,0.0,2021-09-01
2021M09,Luxembourg,Natural gas,7.476,2021-09-01
2021M09,Luxembourg,Nuclear,0.0,2021-09-01
2021M09,Hungary,Total,2669.815,2021-09-01
2021M09,Hungary,Combustible fuels,25.949,2021-09-01
2021M09,Hungary,Coal,240.571,2021-09-01
2021M09,Hungary,Natural gas,609.508,2021-09-01
2021M09,Hungary,Nuclear,1204.164,2021-09-01
2021M09,Malta,Total,173.236,2021-09-01
2021M09,Malta,Combustible fuels,0.0,2021-09-01
2021M09,Malta,Coal,0.0,2021-09-01
2021M09,Malta,Natural gas,144.409,2021-09-01
2021M09,Malta,Nuclear,0.0,2021-09-01
2021M09,Netherlands,Total,8716.426,2021-09-01
2021M09,Netherlands,Combustible fuels,124.189,2021-09-01
2021M09,Netherlands,Coal,1439.271,2021-09-01
2021M09,Netherlands,Natural gas,3796.293,2021-09-01
2021M09,Netherlands,Nuclear,339.127,2021-09-01
2021M09,Austria,Total,4757.183,2021-09-01
2021M09,Austria,Combustible fuels,41.513,2021-09-01
2021M09,Austria,Coal,144.393,2021-09-01
2021M09,Austria,Natural gas,294.604,2021-09-01
2021M09,Austria,Nuclear,0.0,2021-09-01
2021M09,Poland,Total,13930.678,2021-09-01
2021M09,Poland,Combustible fuels,95.997,2021-09-01
2021M09,Poland,Coal,10372.218,2021-09-01
2021M09,Poland,Natural gas,1132.046,2021-09-01
2021M09,Poland,Nuclear,0.0,2021-09-01
2021M09,Portugal,Total,3675.639,2021-09-01
2021M09,Portugal,Combustible fuels,25.129,2021-09-01
2021M09,Portugal,Coal,62.995,2021-09-01
2021M09,Portugal,Natural gas,1527.23,2021-09-01
2021M09,Portugal,Nuclear,0.0,2021-09-01
2021M09,Romania,Total,3881.0,2021-09-01
2021M09,Romania,Combustible fuels,0.0,2021-09-01
2021M09,Romania,Coal,732.0,2021-09-01
2021M09,Romania,Natural gas,633.0,2021-09-01
2021M09,Romania,Nuclear,907.0,2021-09-01
2021M09,Slovenia,Total,1047.95,2021-09-01
2021M09,Slovenia,Combustible fuels,0.0,2021-09-01
2021M09,Slovenia,Coal,264.992,2021-09-01
2021M09,Slovenia,Natural gas,17.859,2021-09-01
2021M09,Slovenia,Nuclear,486.414,2021-09-01
2021M09,Slovakia,Total,2158.0,2021-09-01
2021M09,Slovakia,Combustible fuels,45.0,2021-09-01
2021M09,Slovakia,Coal,119.0,2021-09-01
2021M09,Slovakia,Natural gas,332.0,2021-09-01
2021M09,Slovakia,Nuclear,1162.0,2021-09-01
2021M09,Finland,Total,4764.0,2021-09-01
2021M09,Finland,Combustible fuels,66.0,2021-09-01
2021M09,Finland,Coal,471.0,2021-09-01
2021M09,Finland,Natural gas,116.0,2021-09-01
2021M09,Finland,Nuclear,1567.0,2021-09-01
2021M09,Sweden,Total,11977.89,2021-09-01
2021M09,Sweden,Combustible fuels,137.0,2021-09-01
2021M09,Sweden,Coal,0.25,2021-09-01
2021M09,Sweden,Natural gas,7.92,2021-09-01
2021M09,Sweden,Nuclear,3710.9,2021-09-01
2021M10,EU,Total,225992.489,2021-10-01
2021M10,EU,Combustible fuels,2771.549,2021-10-01
2021M10,EU,Coal,35719.633,2021-10-01
2021M10,EU,Natural gas,27452.915,2021-10-01
2021M10,EU,Nuclear,59174.96,2021-10-01
2021M10,Belgium,Total,7761.464,2021-10-01
2021M10,Belgium,Combustible fuels,93.804,2021-10-01
2021M10,Belgium,Coal,1.508,2021-10-01
2021M10,Belgium,Natural gas,1293.584,2021-10-01
2021M10,Belgium,Nuclear,4148.375,2021-10-01
2021M10,Bulgaria,Total,3523.075,2021-10-01
2021M10,Bulgaria,Combustible fuels,0.0,2021-10-01
2021M10,Bulgaria,Coal,1868.297,2021-10-01
2021M10,Bulgaria,Natural gas,155.015,2021-10-01
2021M10,Bulgaria,Nuclear,753.933,2021-10-01
2021M10,Czechia,Total,7460.261,2021-10-01
2021M10,Czechia,Combustible fuels,4.787,2021-10-01
2021M10,Czechia,Coal,3128.808,2021-10-01
2021M10,Czechia,Natural gas,423.444,2021-10-01
2021M10,Czechia,Nuclear,2941.082,2021-10-01
2021M10,Denmark,Total,2885.264,2021-10-01
2021M10,Denmark,Combustible fuels,66.034,2021-10-01
2021M10,Denmark,Coal,356.951,2021-10-01
2021M10,Denmark,Natural gas,68.832,2021-10-01
2021M10,Denmark,Nuclear,0.0,2021-10-01
2021M10,Germany,Total,45798.695,2021-10-01
2021M10,Germany,Combustible fuels,1361.34,2021-10-01
2021M10,Germany,Coal,14030.452,2021-10-01
2021M10,Germany,Natural gas,4937.277,2021-10-01
2021M10,Germany,Nuclear,5303.328,2021-10-01
2021M10,Estonia,Total,612.229,2021-10-01
2021M10,Estonia,Combustible fuels,347.0,2021-10-01
2021M10,Estonia,Coal,0.0,2021-10-01
2021M10,Estonia,Natural gas,0.0,2021-10-01
2021M10,Estonia,Nuclear,0.0,2021-10-01
2021M10,Ireland,Total,2584.141,2021-10-01
2021M10,Ireland,Combustible fuels,81.956,2021-10-01
2021M10,Ireland,Coal,307.504,2021-10-01
2021M10,Ireland,Natural gas,1021.739,2021-10-01
2021M10,Ireland,Nuclear,0.0,2021-10-01
2021M10,Greece,Total,4433.59,2021-10-01
2021M10,Greece,Combustible fuels,0.02,2021-10-01
2021M10,Greece,Coal,361.527,2021-10-01
2021M10,Greece,Natural gas,1963.711,2021-10-01
2021M10,Greece,Nuclear,0.0,2021-10-01
2021M10,Spain,Total,20602.791,2021-10-01
2021M10,Spain,Combustible fuels,185.978,2021-10-01
2021M10,Spain,Coal,527.604,2021-10-01
2021M10,Spain,Natural gas,6046.131,2021-10-01
2021M10,Spain,Nuclear,4748.395,2021-10-01
2021M10,France,Total,42245.126,2021-10-01
2021M10,France,Combustible fuels,0.0,2021-10-01
2021M10,France,Coal,1007.277,2021-10-01
2021M10,France,Natural gas,2131.77,2021-10-01
2021M10,France,Nuclear,30658.264,2021-10-01
2021M10,Croatia,Total,1118.544,2021-10-01
2021M10,Croatia,Combustible fuels,0.0,2021-10-01
2021M10,Croatia,Coal,142.634,2021-10-01
2021M10,Croatia,Natural gas,343.065,2021-10-01
2021M10,Croatia,Nuclear,0.0,2021-10-01
2021M10,Italy,Total,22354.0,2021-10-01
2021M10,Italy,Combustible fuels,0.0,2021-10-01
2021M10,Italy,Coal,0.0,2021-10-01
2021M10,Italy,Natural gas,0.0,2021-10-01
2021M10,Italy,Nuclear,0.0,2021-10-01
2021M10,Cyprus,Total,374.863,2021-10-01
2021M10,Cyprus,Combustible fuels,0.0,2021-10-01
2021M10,Cyprus,Coal,0.0,2021-10-01
2021M10,Cyprus,Natural gas,0.0,2021-10-01
2021M10,Cyprus,Nuclear,0.0,2021-10-01
2021M10,Latvia,Total,279.0,2021-10-01
2021M10,Latvia,Combustible fuels,0.0,2021-10-01
2021M10,Latvia,Coal,0.0,2021-10-01
2021M10,Latvia,Natural gas,105.0,2021-10-01
2021M10,Latvia,Nuclear,0.0,2021-10-01
2021M10,Lithuania,Total,395.101,2021-10-01
2021M10,Lithuania,Combustible fuels,6.657,2021-10-01
2021M10,Lithuania,Coal,0.0,2021-10-01
2021M10,Lithuania,Natural gas,48.614,2021-10-01
2021M10,Lithuania,Nuclear,0.0,2021-10-01
2021M10,Luxembourg,Total,186.253,2021-10-01
2021M10,Luxembourg,Combustible fuels,4.534,2021-10-01
2021M10,Luxembourg,Coal,0.0,2021-10-01
2021M10,Luxembourg,Natural gas,13.768,2021-10-01
2021M10,Luxembourg,Nuclear,0.0,2021-10-01
2021M10,Hungary,Total,2884.09,2021-10-01
2021M10,Hungary,Combustible fuels,25.396,2021-10-01
2021M10,Hungary,Coal,242.989,2021-10-01
2021M10,Hungary,Natural gas,803.45,2021-10-01
2021M10,Hungary,Nuclear,1240.309,2021-10-01
2021M10,Malta,Total,171.789,2021-10-01
2021M10,Malta,Combustible fuels,0.0,2021-10-01
2021M10,Malta,Coal,0.0,2021-10-01
2021M10,Malta,Natural gas,145.492,2021-10-01
2021M10,Malta,Nuclear,0.0,2021-10-01
2021M10,Netherlands,Total,9410.182,2021-10-01
2021M10,Netherlands,Combustible fuels,111.706,2021-10-01
2021M10,Netherlands,Coal,2005.655,2021-10-01
2021M10,Netherlands,Natural gas,3176.824,2021-10-01
2021M10,Netherlands,Nuclear,314.272,2021-10-01
2021M10,Austria,Total,5029.643,2021-10-01
2021M10,Austria,Combustible fuels,41.541,2021-10-01
2021M10,Austria,Coal,164.731,2021-10-01
2021M10,Austria,Natural gas,937.685,2021-10-01
2021M10,Austria,Nuclear,0.0,2021-10-01
2021M10,Poland,Total,14649.185,2021-10-01
2021M10,Poland,Combustible fuels,87.301,2021-10-01
2021M10,Poland,Coal,9829.364,2021-10-01
2021M10,Poland,Natural gas,1330.127,2021-10-01
2021M10,Poland,Nuclear,0.0,2021-10-01
2021M10,Portugal,Total,3663.688,2021-10-01
2021M10,Portugal,Combustible fuels,25.38,2021-10-01
2021M10,Portugal,Coal,42.712,2021-10-01
2021M10,Portugal,Natural gas,1340.872,2021-10-01
2021M10,Portugal,Nuclear,0.0,2021-10-01
2021M10,Romania,Total,4138.0,2021-10-01
2021M10,Romania,Combustible fuels,0.0,2021-10-01
2021M10,Romania,Coal,812.0,2021-10-01
2021M10,Romania,Natural gas,727.0,2021-10-01
2021M10,Romania,Nuclear,921.0,2021-10-01
2021M10,Slovenia,Total,1155.639,2021-10-01
2021M10,Slovenia,Combustible fuels,0.535,2021-10-01
2021M10,Slovenia,Coal,305.45,2021-10-01
2021M10,Slovenia,Natural gas,27.475,2021-10-01
2021M10,Slovenia,Nuclear,507.912,2021-10-01
2021M10,Slovakia,Total,2190.0,2021-10-01
2021M10,Slovakia,Combustible fuels,145.0,2021-10-01
2021M10,Slovakia,Coal,105.0,2021-10-01
2021M10,Slovakia,Natural gas,308.0,2021-10-01
2021M10,Slovakia,Nuclear,1210.0,2021-10-01
2021M10,Finland,Total,6004.0,2021-10-01
2021M10,Finland,Combustible fuels,60.0,2021-10-01
2021M10,Finland,Coal,479.0,2021-10-01
2021M10,Finland,Natural gas,91.0,2021-10-01
2021M10,Finland,Nuclear,2073.0,2021-10-01
2021M10,Sweden,Total,14081.876,2021-10-01
2021M10,Sweden,Combustible fuels,122.58,2021-10-01
2021M10,Sweden,Coal,0.17,2021-10-01
2021M10,Sweden,Natural gas,13.04,2021-10-01
2021M10,Sweden,Nuclear,4355.09,2021-10-01
2021M11,EU,Total,238418.85,2021-11-01
2021M11,EU,Combustible fuels,2932.125,2021-11-01
2021M11,EU,Coal,39423.455,2021-11-01
2021M11,EU,Natural gas,40886.114,2021-11-01
2021M11,EU,Nuclear,58343.482,2021-11-01
2021M11,Belgium,Total,7767.423,2021-11-01
2021M11,Belgium,Combustible fuels,80.622,2021-11-01
2021M11,Belgium,Coal,158.441,2021-11-01
2021M11,Belgium,Natural gas,2450.485,2021-11-01
2021M11,Belgium,Nuclear,3527.662,2021-11-01
2021M11,Bulgaria,Total,4004.655,2021-11-01
2021M11,Bulgaria,Combustible fuels,0.0,2021-11-01
2021M11,Bulgaria,Coal,1689.846,2021-11-01
2021M11,Bulgaria,Natural gas,186.109,2021-11-01
2021M11,Bulgaria,Nuclear,1466.962,2021-11-01
2021M11,Czechia,Total,7725.228,2021-11-01
2021M11,Czechia,Combustible fuels,6.562,2021-11-01
2021M11,Czechia,Coal,3452.713,2021-11-01
2021M11,Czechia,Natural gas,700.499,2021-11-01
2021M11,Czechia,Nuclear,2729.402,2021-11-01
2021M11,Denmark,Total,3050.825,2021-11-01
2021M11,Denmark,Combustible fuels,69.484,2021-11-01
2021M11,Denmark,Coal,511.106,2021-11-01
2021M11,Denmark,Natural gas,143.302,2021-11-01
2021M11,Denmark,Nuclear,0.0,2021-11-01
2021M11,Germany,Total,46628.262,2021-11-01
2021M11,Germany,Combustible fuels,1381.565,2021-11-01
2021M11,Germany,Coal,16544.158,2021-11-01
2021M11,Germany,Natural gas,7986.409,2021-11-01
2021M11,Germany,Nuclear,5604.286,2021-11-01
2021M11,Estonia,Total,687.078,2021-11-01
2021M11,Estonia,Combustible fuels,453.0,2021-11-01
2021M11,Estonia,Coal,0.0,2021-11-01
2021M11,Estonia,Natural gas,0.0,2021-11-01
2021M11,Estonia,Nuclear,0.0,2021-11-01
2021M11,Ireland,Total,2781.967,2021-11-01
2021M11,Ireland,Combustible fuels,84.523,2021-11-01
2021M11,Ireland,Coal,405.21,2021-11-01
2021M11,Ireland,Natural gas,1147.128,2021-11-01
2021M11,Ireland,Nuclear,0.0,2021-11-01
2021M11,Greece,Total,3864.666,2021-11-01
2021M11,Greece,Combustible fuels,0.02,2021-11-01
2021M11,Greece,Coal,296.69,2021-11-01
2021M11,Greece,Natural gas,1908.29,2021-11-01
2021M11,Greece,Nuclear,0.0,2021-11-01
2021M11,Spain,Total,22979.252,2021-11-01
2021M11,Spain,Combustible fuels,179.155,2021-11-01
2021M11,Spain,Coal,576.855,2021-11-01
2021M11,Spain,Natural gas,7959.68,2021-11-01
2021M11,Spain,Nuclear,3562.358,2021-11-01
2021M11,France,Total,45119.104,2021-11-01
2021M11,France,Combustible fuels,0.0,2021-11-01
2021M11,France,Coal,1036.969,2021-11-01
2021M11,France,Natural gas,5493.048,2021-11-01
2021M11,France,Nuclear,30370.793,2021-11-01
2021M11,Croatia,Total,1353.962,2021-11-01
2021M11,Croatia,Combustible fuels,0.0,2021-11-01
2021M11,Croatia,Coal,138.681,2021-11-01
2021M11,Croatia,Natural gas,349.461,2021-11-01
2021M11,Croatia,Nuclear,0.0,2021-11-01
2021M11,Italy,Total,24567.0,2021-11-01
2021M11,Italy,Combustible fuels,0.0,2021-11-01
2021M11,Italy,Coal,0.0,2021-11-01
2021M11,Italy,Natural gas,0.0,2021-11-01
2021M11,Italy,Nuclear,0.0,2021-11-01
2021M11,Cyprus,Total,334.297,2021-11-01
2021M11,Cyprus,Combustible fuels,0.0,2021-11-01
2021M11,Cyprus,Coal,0.0,2021-11-01
2021M11,Cyprus,Natural gas,0.0,2021-11-01
2021M11,Cyprus,Nuclear,0.0,2021-11-01
2021M11,Latvia,Total,427.0,2021-11-01
2021M11,Latvia,Combustible fuels,0.0,2021-11-01
2021M11,Latvia,Coal,0.0,2021-11-01
2021M11,Latvia,Natural gas,173.0,2021-11-01
2021M11,Latvia,Nuclear,0.0,2021-11-01
2021M11,Lithuania,Total,358.14,2021-11-01
2021M11,Lithuania,Combustible fuels,7.139,2021-11-01
2021M11,Lithuania,Coal,0.0,2021-11-01
2021M11,Lithuania,Natural gas,17.049,2021-11-01
2021M11,Lithuania,Nuclear,0.0,2021-11-01
2021M11,Luxembourg,Total,173.994,2021-11-01
2021M11,Luxembourg,Combustible fuels,5.572,2021-11-01
2021M11,Luxembourg,Coal,0.0,2021-11-01
2021M11,Luxembourg,Natural gas,16.448,2021-11-01
2021M11,Luxembourg,Nuclear,0.0,2021-11-01
2021M11,Hungary,Total,2708.192,2021-11-01
2021M11,Hungary,Combustible fuels,27.649,2021-11-01
2021M11,Hungary,Coal,203.391,2021-11-01
2021M11,Hungary,Natural gas,1029.646,2021-11-01
2021M11,Hungary,Nuclear,1044.549,2021-11-01
2021M11,Malta,Total,150.389,2021-11-01
2021M11,Malta,Combustible fuels,0.0,2021-11-01
2021M11,Malta,Coal,0.0,2021-11-01
2021M11,Malta,Natural gas,126.708,2021-11-01
2021M11,Malta,Nuclear,0.0,2021-11-01
2021M11,Netherlands,Total,10447.029,2021-11-01
2021M11,Netherlands,Combustible fuels,118.723,2021-11-01
2021M11,Netherlands,Coal,1836.672,2021-11-01
2021M11,Netherlands,Natural gas,5225.224,2021-11-01
2021M11,Netherlands,Nuclear,346.2,2021-11-01
2021M11,Austria,Total,5612.153,2021-11-01
2021M11,Austria,Combustible fuels,53.15,2021-11-01
2021M11,Austria,Coal,164.526,2021-11-01
2021M11,Austria,Natural gas,1628.205,2021-11-01
2021M11,Austria,Nuclear,0.0,2021-11-01
2021M11,Poland,Total,14611.601,2021-11-01
2021M11,Poland,Combustible fuels,90.95,2021-11-01
2021M11,Poland,Coal,10450.274,2021-11-01
2021M11,Poland,Natural gas,1439.005,2021-11-01
2021M11,Poland,Nuclear,0.0,2021-11-01
2021M11,Portugal,Total,4238.693,2021-11-01
2021M11,Portugal,Combustible fuels,26.054,2021-11-01
2021M11,Portugal,Coal,75.638,2021-11-01
2021M11,Portugal,Natural gas,1422.751,2021-11-01
2021M11,Portugal,Nuclear,0.0,2021-11-01
2021M11,Romania,Total,4192.0,2021-11-01
2021M11,Romania,Combustible fuels,0.0,2021-11-01
2021M11,Romania,Coal,779.0,2021-11-01
2021M11,Romania,Natural gas,927.0,2021-11-01
2021M11,Romania,Nuclear,932.0,2021-11-01
2021M11,Slovenia,Total,1252.605,2021-11-01
2021M11,Slovenia,Combustible fuels,0.707,2021-11-01
2021M11,Slovenia,Coal,350.115,2021-11-01
2021M11,Slovenia,Natural gas,29.497,2021-11-01
2021M11,Slovenia,Nuclear,497.72,2021-11-01
2021M11,Slovakia,Total,2354.0,2021-11-01
2021M11,Slovakia,Combustible fuels,157.0,2021-11-01
2021M11,Slovakia,Coal,137.0,2021-11-01
2021M11,Slovakia,Natural gas,385.0,2021-11-01
2021M11,Slovakia,Nuclear,1318.0,2021-11-01
2021M11,Finland,Total,6217.0,2021-11-01
2021M11,Finland,Combustible fuels,58.0,2021-11-01
2021M11,Finland,Coal,615.0,2021-11-01
2021M11,Finland,Natural gas,119.0,2021-11-01
2021M11,Finland,Nuclear,2013.0,2021-11-01
2021M11,Sweden,Total,14812.335,2021-11-01
2021M11,Sweden,Combustible fuels,132.25,2021-11-01
2021M11,Sweden,Coal,1.17,2021-11-01
2021M11,Sweden,Natural gas,23.17,2021-11-01
2021M11,Sweden,Nuclear,4930.55,2021-11-01
2021M12,EU,Total,255144.785,2021-12-01
2021M12,EU,Combustible fuels,2634.311,2021-12-01
2021M12,EU,Coal,41219.034,2021-12-01
2021M12,EU,Natural gas,39211.925,2021-12-01
2021M12,EU,Nuclear,60975.829,2021-12-01
2021M12,Belgium,Total,8733.034,2021-12-01
2021M12,Belgium,Combustible fuels,91.577,2021-12-01
2021M12,Belgium,Coal,191.497,2021-12-01
2021M12,Belgium,Natural gas,2107.606,2021-12-01
2021M12,Belgium,Nuclear,4378.019,2021-12-01
2021M12,Bulgaria,Total,4557.955,2021-12-01
2021M12,Bulgaria,Combustible fuels,0.0,2021-12-01
2021M12,Bulgaria,Coal,1801.431,2021-12-01
2021M12,Bulgaria,Natural gas,254.157,2021-12-01
2021M12,Bulgaria,Nuclear,1534.717,2021-12-01
2021M12,Czechia,Total,7729.237,2021-12-01
2021M12,Czechia,Combustible fuels,9.343,2021-12-01
2021M12,Czechia,Coal,3591.407,2021-12-01
2021M12,Czechia,Natural gas,697.98,2021-12-01
2021M12,Czechia,Nuclear,2602.978,2021-12-01
2021M12,Denmark,Total,3567.707,2021-12-01
2021M12,Denmark,Combustible fuels,73.571,2021-12-01
2021M12,Denmark,Coal,777.859,2021-12-01
2021M12,Denmark,Natural gas,184.394,2021-12-01
2021M12,Denmark,Nuclear,0.0,2021-12-01
2021M12,Germany,Total,47723.718,2021-12-01
2021M12,Germany,Combustible fuels,1319.23,2021-12-01
2021M12,Germany,Coal,15992.408,2021-12-01
2021M12,Germany,Natural gas,7848.549,2021-12-01
2021M12,Germany,Nuclear,5599.759,2021-12-01
2021M12,Estonia,Total,867.269,2021-12-01
2021M12,Estonia,Combustible fuels,102.647,2021-12-01
2021M12,Estonia,Coal,0.0,2021-12-01
2021M12,Estonia,Natural gas,0.0,2021-12-01
2021M12,Estonia,Nuclear,0.0,2021-12-01
2021M12,Ireland,Total,3020.257,2021-12-01
2021M12,Ireland,Combustible fuels,97.23,2021-12-01
2021M12,Ireland,Coal,370.386,2021-12-01
2021M12,Ireland,Natural gas,1079.121,2021-12-01
2021M12,Ireland,Nuclear,0.0,2021-12-01
2021M12,Greece,Total,5030.154,2021-12-01
2021M12,Greece,Combustible fuels,0.08,2021-12-01
2021M12,Greece,Coal,470.82,2021-12-01
2021M12,Greece,Natural gas,1977.39,2021-12-01
2021M12,Greece,Nuclear,0.0,2021-12-01
2021M12,Spain,Total,23532.683,2021-12-01
2021M12,Spain,Combustible fuels,181.223,2021-12-01
2021M12,Spain,Coal,720.481,2021-12-01
2021M12,Spain,Natural gas,6798.073,2021-12-01
2021M12,Spain,Nuclear,3922.864,2021-12-01
2021M12,France,Total,48871.638,2021-12-01
2021M12,France,Combustible fuels,0.0,2021-12-01
2021M12,France,Coal,992.681,2021-12-01
2021M12,France,Natural gas,5443.883,2021-12-01
2021M12,France,Nuclear,31503.128,2021-12-01
2021M12,Croatia,Total,1663.828,2021-12-01
2021M12,Croatia,Combustible fuels,0.0,2021-12-01
2021M12,Croatia,Coal,115.62,2021-12-01
2021M12,Croatia,Natural gas,227.492,2021-12-01
2021M12,Croatia,Nuclear,0.0,2021-12-01
2021M12,Italy,Total,25465.0,2021-12-01
2021M12,Italy,Combustible fuels,0.0,2021-12-01
2021M12,Italy,Coal,0.0,2021-12-01
2021M12,Italy,Natural gas,0.0,2021-12-01
2021M12,Italy,Nuclear,0.0,2021-12-01
2021M12,Cyprus,Total,399.49,2021-12-01
2021M12,Cyprus,Combustible fuels,0.0,2021-12-01
2021M12,Cyprus,Coal,0.0,2021-12-01
2021M12,Cyprus,Natural gas,0.0,2021-12-01
2021M12,Cyprus,Nuclear,0.0,2021-12-01
2021M12,Latvia,Total,671.0,2021-12-01
2021M12,Latvia,Combustible fuels,0.0,2021-12-01
2021M12,Latvia,Coal,0.0,2021-12-01
2021M12,Latvia,Natural gas,310.0,2021-12-01
2021M12,Latvia,Nuclear,0.0,2021-12-01
2021M12,Lithuania,Total,395.289,2021-12-01
2021M12,Lithuania,Combustible fuels,7.645,2021-12-01
2021M12,Lithuania,Coal,0.0,2021-12-01
2021M12,Lithuania,Natural gas,70.636,2021-12-01
2021M12,Lithuania,Nuclear,0.0,2021-12-01
2021M12,Luxembourg,Total,192.414,2021-12-01
2021M12,Luxembourg,Combustible fuels,5.293,2021-12-01
2021M12,Luxembourg,Coal,0.0,2021-12-01
2021M12,Luxembourg,Natural gas,17.928,2021-12-01
2021M12,Luxembourg,Nuclear,0.0,2021-12-01
2021M12,Hungary,Total,2837.133,2021-12-01
2021M12,Hungary,Combustible fuels,21.011,2021-12-01
2021M12,Hungary,Coal,244.457,2021-12-01
2021M12,Hungary,Natural gas,1055.572,2021-12-01
2021M12,Hungary,Nuclear,1159.882,2021-12-01
2021M12,Malta,Total,159.879,2021-12-01
2021M12,Malta,Combustible fuels,0.0,2021-12-01
2021M12,Malta,Coal,0.0,2021-12-01
2021M12,Malta,Natural gas,132.658,2021-12-01
2021M12,Malta,Nuclear,0.0,2021-12-01
2021M12,Netherlands,Total,10982.409,2021-12-01
2021M12,Netherlands,Combustible fuels,143.975,2021-12-01
2021M12,Netherlands,Coal,2215.643,2021-12-01
2021M12,Netherlands,Natural gas,5007.481,2021-12-01
2021M12,Netherlands,Nuclear,358.345,2021-12-01
2021M12,Austria,Total,5695.746,2021-12-01
2021M12,Austria,Combustible fuels,63.834,2021-12-01
2021M12,Austria,Coal,163.837,2021-12-01
2021M12,Austria,Natural gas,1544.569,2021-12-01
2021M12,Austria,Nuclear,0.0,2021-12-01
2021M12,Poland,Total,15659.328,2021-12-01
2021M12,Poland,Combustible fuels,95.998,2021-12-01
2021M12,Poland,Coal,11515.358,2021-12-01
2021M12,Poland,Natural gas,1321.282,2021-12-01
2021M12,Poland,Nuclear,0.0,2021-12-01
2021M12,Portugal,Total,4599.441,2021-12-01
2021M12,Portugal,Combustible fuels,25.31,2021-12-01
2021M12,Portugal,Coal,0.0,2021-12-01
2021M12,Portugal,Natural gas,1155.617,2021-12-01
2021M12,Portugal,Nuclear,0.0,2021-12-01
2021M12,Romania,Total,4845.0,2021-12-01
2021M12,Romania,Combustible fuels,0.0,2021-12-01
2021M12,Romania,Coal,759.0,2021-12-01
2021M12,Romania,Natural gas,1026.0,2021-12-01
2021M12,Romania,Nuclear,952.0,2021-12-01
2021M12,Slovenia,Total,1251.571,2021-12-01
2021M12,Slovenia,Combustible fuels,0.904,2021-12-01
2021M12,Slovenia,Coal,336.489,2021-12-01
2021M12,Slovenia,Natural gas,34.987,2021-12-01
2021M12,Slovenia,Nuclear,515.427,2021-12-01
2021M12,Slovakia,Total,2450.0,2021-12-01
2021M12,Slovakia,Combustible fuels,147.0,2021-12-01
2021M12,Slovakia,Coal,156.0,2021-12-01
2021M12,Slovakia,Natural gas,373.0,2021-12-01
2021M12,Slovakia,Nuclear,1373.0,2021-12-01
2021M12,Finland,Total,7160.0,2021-12-01
2021M12,Finland,Combustible fuels,83.0,2021-12-01
2021M12,Finland,Coal,798.0,2021-12-01
2021M12,Finland,Natural gas,429.0,2021-12-01
2021M12,Finland,Nuclear,2080.0,2021-12-01
2021M12,Sweden,Total,17083.605,2021-12-01
2021M12,Sweden,Combustible fuels,165.44,2021-12-01
2021M12,Sweden,Coal,5.66,2021-12-01
2021M12,Sweden,Natural gas,114.55,2021-12-01
2021M12,Sweden,Nuclear,4995.71,2021-12-01
